"","id","word","clust","clust1","clust2","clust3","clust4","clust5","clust6"
"a",1,"a",4,2,1,1,1,5,1
"aa",2,"aa",4,2,1,1,1,5,1
"abel",3,"abel",10,2,1,1,1,10,1
"abil",4,"abil",8,1,1,9,2,2,2
"abl",5,"abl",22,1,1,4,6,7,2
"abnorm",6,"abnorm",4,2,1,1,1,5,1
"abnormalspectrum",7,"abnormalspectrum",4,2,1,1,1,5,1
"abov",8,"abov",6,3,1,6,5,3,3
"aboveaverag",9,"aboveaverag",6,3,1,6,5,3,3
"abra",10,"abra",7,3,1,6,7,3,8
"absenc",11,"absenc",8,4,1,5,2,2,2
"absent",12,"absent",21,1,1,5,2,4,7
"absorb",13,"absorb",12,4,1,5,2,2,9
"absorpt",14,"absorpt",4,2,1,1,1,5,1
"abund",15,"abund",7,3,1,6,7,3,8
"academ",16,"academ",1,5,1,9,4,1,5
"accel",17,"accel",29,4,1,5,2,2,2
"access",18,"access",24,1,1,9,4,1,2
"accommod",19,"accommod",1,6,1,8,3,10,5
"account",20,"account",2,1,1,1,1,9,1
"accret",21,"accret",26,2,1,1,3,7,3
"accur",22,"accur",1,6,1,8,3,10,5
"achiev",23,"achiev",22,1,1,4,6,7,2
"acquir",24,"acquir",23,4,1,5,2,2,2
"act",25,"act",14,4,1,5,2,2,2
"action",26,"action",8,4,1,8,4,2,2
"activ",27,"activ",4,2,4,1,7,5,3
"actual",28,"actual",24,1,1,9,4,1,2
"acut",29,"acut",1,6,1,8,4,1,5
"addit",30,"addit",3,1,1,9,3,3,3
"address",31,"address",1,1,1,8,3,10,3
"adequ",32,"adequ",1,6,1,8,4,1,5
"adjac",33,"adjac",19,3,1,9,8,7,3
"admiss",34,"admiss",1,6,1,8,4,1,5
"admit",35,"admit",1,5,1,9,4,1,5
"adolesc",36,"adolesc",1,6,1,8,4,1,5
"adolescentonset",37,"adolescentonset",1,6,1,8,4,1,5
"adopt",38,"adopt",15,4,1,2,2,8,3
"adult",39,"adult",1,6,1,8,4,1,5
"advanc",40,"advanc",1,3,1,8,4,1,3
"advantag",41,"advantag",27,1,1,6,3,6,3
"adver",42,"adver",32,1,1,5,5,4,2
"aeolian",43,"aeolian",11,3,1,6,7,3,3
"affect",44,"affect",1,1,1,8,4,1,3
"affili",45,"affili",24,1,1,9,4,1,2
"affin",46,"affin",29,4,1,5,2,2,2
"afgl",47,"afgl",10,2,4,1,1,5,1
"age",48,"age",2,2,5,9,1,9,1
"agent",49,"agent",8,1,1,5,2,2,2
"agmon",50,"agmon",33,5,1,9,3,7,4
"agreement",51,"agreement",2,2,1,1,1,9,1
"aid",52,"aid",9,2,1,5,2,5,1
"aim",53,"aim",1,6,1,8,4,1,5
"akin",54,"akin",36,4,1,5,2,2,2
"al",55,"al",4,2,1,9,1,5,1
"algebra",56,"algebra",5,5,1,9,5,10,4
"align",57,"align",9,2,1,1,1,5,1
"allel",58,"allel",23,4,1,5,2,2,2
"alloc",59,"alloc",1,6,3,8,4,1,5
"allow",60,"allow",3,1,2,9,3,7,3
"almost",61,"almost",13,3,1,6,7,4,3
"almostequalto",62,"almostequalto",4,2,4,1,1,5,1
"alon",63,"alon",1,6,1,8,4,1,5
"alpha",64,"alpha",9,2,1,7,1,5,1
"alreadi",65,"alreadi",1,6,1,8,4,1,5
"although",66,"although",1,2,1,8,4,3,3
"altogeth",67,"altogeth",17,1,1,6,3,11,3
"ambient",68,"ambient",17,3,1,3,3,11,10
"ambulatori",69,"ambulatori",1,6,1,8,3,10,5
"america",70,"america",21,1,1,5,2,4,7
"american",71,"american",21,1,1,5,1,4,2
"amorph",72,"amorph",17,3,1,3,3,11,10
"amount",73,"amount",7,3,1,6,7,3,8
"anali",74,"anali",1,6,1,8,4,1,5
"analog",75,"analog",11,3,1,9,8,10,4
"analysi",76,"analysi",7,1,1,9,3,3,3
"analyt",77,"analyt",3,1,1,9,3,7,3
"analyz",78,"analyz",1,6,1,8,4,1,5
"ancona",79,"ancona",17,3,1,3,3,11,10
"andor",80,"andor",26,2,1,4,7,7,3
"angstrom",81,"angstrom",18,2,1,1,1,5,1
"anhedoniaasoci",82,"anhedoniaasoci",1,6,1,8,4,1,5
"ani",83,"ani",3,1,2,9,3,7,3
"annual",84,"annual",6,3,1,6,5,3,3
"annuli",85,"annuli",2,2,1,1,1,9,1
"anom",86,"anom",4,2,1,1,1,5,1
"anoth",87,"anoth",34,2,1,7,1,5,1
"anticip",88,"anticip",1,6,1,8,4,1,5
"antigen",89,"antigen",23,4,1,5,2,2,2
"antipsychot",90,"antipsychot",1,6,1,8,3,10,5
"anxieti",91,"anxieti",1,6,1,8,4,1,5
"apa",92,"apa",1,6,1,8,4,1,5
"apart",93,"apart",1,6,1,8,4,1,5
"aperturesynthesi",94,"aperturesynthesi",9,2,1,7,1,5,1
"apj",95,"apj",4,2,1,1,1,5,1
"apoptot",96,"apoptot",8,4,1,5,2,2,2
"appar",97,"appar",1,2,1,8,3,10,5
"appear",98,"appear",4,2,1,9,1,5,1
"appli",99,"appli",22,1,1,4,6,7,2
"applic",100,"applic",3,2,2,9,3,10,3
"apprai",101,"apprai",1,6,1,8,3,10,5
"approach",102,"approach",3,3,1,9,3,7,3
"appropri",103,"appropri",1,6,1,8,3,10,5
"approxim",104,"approxim",4,2,1,9,1,5,4
"apron",105,"apron",11,3,1,6,7,3,3
"arabidopsi",106,"arabidopsi",14,4,1,5,2,2,6
"arc",107,"arc",11,3,1,6,7,3,3
"arcsec",108,"arcsec",9,2,1,7,1,5,1
"area",109,"area",7,2,1,1,7,3,3
"arecibo",110,"arecibo",10,2,1,1,1,10,1
"argu",111,"argu",4,2,1,1,1,5,1
"ari",112,"ari",4,2,1,1,1,5,1
"arizonanew",113,"arizonanew",31,2,1,4,1,5,1
"array",114,"array",25,2,1,1,1,5,1
"arriv",115,"arriv",16,1,1,6,3,7,2
"articl",116,"articl",1,6,1,8,4,10,5
"ash",117,"ash",13,3,1,6,7,4,3
"ashfal",118,"ashfal",13,3,1,6,7,4,3
"asian",119,"asian",13,3,1,6,7,4,3
"aspect",120,"aspect",1,4,1,9,4,1,5
"assert",121,"assert",1,6,1,8,4,1,5
"assess",122,"assess",1,1,3,8,4,1,3
"asset",123,"asset",28,1,1,5,3,6,2
"assimil",124,"assimil",1,6,1,8,4,1,5
"associ",125,"associ",1,1,3,8,4,1,3
"assum",126,"assum",29,4,1,5,2,2,2
"assumpt",127,"assumpt",19,3,1,9,8,7,3
"asteroid",128,"asteroid",39,2,1,1,1,9,1
"astronom",129,"astronom",10,2,1,1,1,5,1
"asymmetr",130,"asymmetr",22,1,1,4,6,7,2
"asymmetri",131,"asymmetri",10,2,1,1,1,5,1
"atlant",132,"atlant",16,1,1,6,3,7,3
"atp",133,"atp",15,4,1,2,2,8,3
"attempt",134,"attempt",1,2,1,8,3,10,5
"attenu",135,"attenu",29,4,1,5,2,2,2
"attitud",136,"attitud",1,6,1,8,4,1,5
"australia",137,"australia",25,2,1,1,1,5,1
"autarki",138,"autarki",21,1,1,5,2,4,7
"avail",139,"avail",1,2,1,8,3,10,5
"averag",140,"averag",6,3,1,6,5,3,3
"awar",141,"awar",1,6,1,8,3,10,5
"axe",142,"axe",9,2,1,7,1,5,1
"axi",143,"axi",25,2,1,1,1,5,1
"ay",144,"ay",24,1,1,9,4,1,2
"azadeoxycytidin",145,"azadeoxycytidin",14,4,1,5,2,2,6
"b",146,"b",4,1,1,1,1,5,1
"backar",147,"backar",11,3,1,6,7,3,3
"background",148,"background",6,3,1,8,4,3,3
"bacteriophag",149,"bacteriophag",36,4,1,5,2,2,2
"baf",150,"baf",38,4,1,5,2,2,2
"bafdepend",151,"bafdepend",38,4,1,5,2,2,2
"balanc",152,"balanc",35,1,1,6,4,7,3
"balmer",153,"balmer",4,2,1,1,1,5,1
"band",154,"band",9,2,1,7,1,5,1
"bank",155,"bank",9,1,1,1,1,5,1
"bar",156,"bar",5,5,2,9,6,10,4
"bariterich",157,"bariterich",11,3,1,6,7,3,3
"bariumrich",158,"bariumrich",11,3,1,6,7,3,3
"barmu",159,"barmu",5,5,1,9,6,10,4
"basal",160,"basal",8,4,1,5,2,2,2
"basalt",161,"basalt",16,3,1,6,3,7,3
"base",162,"base",4,2,1,8,1,5,1
"baseb",163,"baseb",27,1,1,6,3,6,3
"basi",164,"basi",9,2,1,5,2,5,1
"basic",165,"basic",5,4,1,9,6,10,4
"basin",166,"basin",6,3,1,6,7,3,3
"basinwid",167,"basinwid",16,3,1,6,3,7,3
"basketb",168,"basketb",27,1,1,6,3,6,3
"beach",169,"beach",7,3,1,6,7,3,8
"beam",170,"beam",10,2,1,1,1,5,1
"becaus",171,"becaus",17,1,1,9,3,11,3
"becom",172,"becom",1,6,1,8,4,1,5
"bed",173,"bed",11,3,1,6,7,3,3
"befor",174,"befor",20,3,1,6,7,4,3
"begin",175,"begin",1,6,1,8,4,1,5
"behavior",176,"behavior",1,3,2,9,3,10,3
"believ",177,"believ",10,2,1,1,1,5,1
"bellmanisaac",178,"bellmanisaac",37,5,1,9,1,10,4
"belt",179,"belt",39,2,1,1,1,9,1
"bench",180,"bench",4,2,1,1,1,5,1
"benchmark",181,"benchmark",21,1,1,5,2,4,7
"benefici",182,"benefici",1,6,3,8,4,1,5
"beneficiari",183,"beneficiari",30,1,1,5,2,1,2
"benefit",184,"benefit",1,1,1,9,4,1,5
"best",185,"best",10,2,1,1,1,10,1
"bestknown",186,"bestknown",11,3,1,6,7,3,3
"better",187,"better",1,2,1,1,1,9,1
"bifunct",188,"bifunct",14,4,1,5,2,2,6
"bill",189,"bill",35,1,1,6,4,7,3
"bind",190,"bind",8,4,1,5,2,2,2
"biosoci",191,"biosoci",1,6,1,8,4,1,5
"black",192,"black",11,3,1,6,7,3,3
"blackor",193,"blackor",11,3,1,6,7,3,3
"blast",194,"blast",6,3,1,6,5,3,3
"block",195,"block",12,4,1,5,2,2,2
"blue",196,"blue",2,2,1,1,1,9,1
"bodi",197,"bodi",23,4,1,5,2,2,2
"bomb",198,"bomb",20,3,1,6,7,4,3
"border",199,"border",31,2,1,4,1,5,1
"bound",200,"bound",5,5,1,9,6,10,4
"boundari",201,"boundari",2,2,2,9,1,9,1
"brain",202,"brain",23,4,1,5,2,2,2
"breadth",203,"breadth",1,6,1,8,4,1,5
"brent",204,"brent",26,3,1,4,7,7,3
"brief",205,"brief",26,3,1,4,7,7,3
"briel",206,"briel",4,2,1,1,1,5,1
"bright",207,"bright",10,2,1,1,1,10,1
"brightest",208,"brightest",25,2,1,1,1,5,1
"broad",209,"broad",1,6,1,8,4,1,5
"broader",210,"broader",1,2,1,8,3,1,5
"build",211,"build",3,3,1,9,3,7,3
"built",212,"built",5,5,1,9,6,10,4
"bulg",213,"bulg",18,2,1,1,1,5,1
"bulk",214,"bulk",4,2,1,1,1,5,1
"busi",215,"busi",28,1,1,5,3,6,3
"businesscycl",216,"businesscycl",28,1,1,5,3,6,2
"bv",217,"bv",2,2,1,1,1,9,1
"ca",218,"ca",13,3,1,6,7,4,3
"cabl",219,"cabl",24,1,1,9,4,1,2
"calib",220,"calib",1,6,1,8,4,1,5
"california",221,"california",19,3,4,9,8,7,3
"campaign",222,"campaign",30,1,1,5,2,1,2
"cancer",223,"cancer",29,4,1,5,2,2,2
"candid",224,"candid",9,1,1,1,3,5,1
"capac",225,"capac",23,4,1,5,2,2,2
"capit",226,"capit",32,1,1,5,5,4,2
"carbon",227,"carbon",10,2,4,1,1,5,1
"carcinogenesi",228,"carcinogenesi",29,4,1,5,2,2,2
"card",229,"card",1,6,1,8,4,1,5
"care",230,"care",2,2,1,1,1,9,1
"case",231,"case",2,1,1,1,1,9,2
"catastroph",232,"catastroph",6,3,1,6,3,3,3
"caus",233,"caus",2,2,1,1,1,9,2
"caviti",234,"caviti",5,5,1,9,6,10,4
"cbtp",235,"cbtp",1,6,3,8,4,1,5
"ccd",236,"ccd",2,2,1,1,1,9,1
"cd",237,"cd",8,4,2,5,2,2,2
"cell",238,"cell",8,4,2,5,2,2,2
"cellcultur",239,"cellcultur",8,4,1,5,2,2,2
"cellsurfac",240,"cellsurfac",8,4,1,5,2,2,2
"cellular",241,"cellular",8,4,1,5,2,2,2
"center",242,"center",4,2,1,1,1,5,3
"central",243,"central",4,1,1,1,1,5,1
"cerebellum",244,"cerebellum",23,4,1,5,2,2,2
"certain",245,"certain",24,1,1,9,4,1,4
"cfhk",246,"cfhk",2,2,1,1,1,9,1
"cfht",247,"cfht",2,2,1,1,1,9,1
"chang",248,"chang",20,1,1,8,7,4,3
"channel",249,"channel",5,5,2,9,5,10,4
"charact",250,"charact",7,1,1,9,2,3,2
"characterist",251,"characterist",5,2,1,9,3,10,4
"charg",252,"charg",5,5,1,9,5,10,4
"chart",253,"chart",1,6,1,8,4,1,5
"cheat",254,"cheat",24,1,1,9,4,1,2
"chemic",255,"chemic",13,3,1,6,7,4,3
"chemistri",256,"chemistri",13,3,1,6,7,4,3
"china",257,"china",13,3,1,6,7,4,3
"chromatin",258,"chromatin",38,4,1,5,2,2,2
"ci",259,"ci",1,6,3,8,4,1,5
"circumstellar",260,"circumstellar",10,2,4,1,1,5,1
"clarifi",261,"clarifi",1,6,1,8,4,1,5
"classic",262,"classic",31,2,1,4,1,5,1
"classif",263,"classif",2,2,1,9,1,9,1
"classifi",264,"classifi",9,2,1,1,1,5,1
"classspecif",265,"classspecif",15,4,1,2,2,8,3
"clear",266,"clear",2,2,1,1,1,9,1
"client",267,"client",1,6,1,8,4,1,5
"clinic",268,"clinic",1,6,3,8,4,1,5
"clinician",269,"clinician",1,6,1,8,3,10,5
"close",270,"close",25,2,1,1,1,5,1
"clue",271,"clue",17,3,1,3,3,11,10
"clump",272,"clump",2,2,1,1,1,9,1
"cluster",273,"cluster",2,2,5,1,1,9,1
"cm",274,"cm",11,3,1,6,7,3,3
"cmd",275,"cmd",2,2,1,1,1,9,1
"co",276,"co",10,2,1,1,1,5,1
"coast",277,"coast",27,1,1,6,3,6,3
"coastal",278,"coastal",7,3,1,6,7,3,8
"coastlin",279,"coastlin",26,3,1,4,7,7,3
"coat",280,"coat",6,3,1,6,5,3,3
"cockburn",281,"cockburn",37,5,1,9,1,10,4
"coeffici",282,"coeffici",37,5,1,9,1,10,4
"cognit",283,"cognit",1,6,3,8,4,1,5
"cohort",284,"cohort",1,6,1,8,4,1,5
"coincid",285,"coincid",9,2,1,7,1,5,1
"cointegr",286,"cointegr",35,1,1,6,4,7,3
"collid",287,"collid",34,2,1,7,1,5,1
"collud",288,"collud",24,1,1,9,4,1,2
"collus",289,"collus",22,1,1,9,6,7,2
"color",290,"color",4,2,1,1,1,5,1
"colormagnitud",291,"colormagnitud",2,2,1,1,1,9,1
"column",292,"column",20,3,1,6,7,4,3
"coma",293,"coma",4,2,4,1,1,5,1
"combin",294,"combin",10,1,1,1,3,10,1
"come",295,"come",11,3,1,6,7,3,3
"commentari",296,"commentari",1,6,1,8,4,1,5
"commerci",297,"commerci",35,1,1,6,4,7,3
"commit",298,"commit",21,1,1,5,2,4,2
"common",299,"common",15,2,1,7,3,8,3
"communiti",300,"communiti",1,6,1,8,4,1,5
"comov",301,"comov",28,1,1,5,3,6,2
"compact",302,"compact",9,2,1,9,1,5,4
"companion",303,"companion",25,2,1,1,1,5,1
"compar",304,"compar",10,1,1,9,1,5,1
"comparison",305,"comparison",2,2,2,9,1,9,1
"compet",306,"compet",22,1,1,4,6,7,2
"competit",307,"competit",27,1,1,5,2,6,3
"complet",308,"complet",1,2,1,8,4,1,5
"complex",309,"complex",12,2,1,1,1,2,2
"complic",310,"complic",22,1,1,4,6,7,2
"compon",311,"compon",7,2,1,1,7,3,3
"composit",312,"composit",13,2,1,1,3,4,3
"compress",313,"compress",19,3,1,9,8,7,3
"compri",314,"compri",10,2,1,1,1,10,1
"concentr",315,"concentr",2,2,1,1,1,9,1
"conceptu",316,"conceptu",26,3,1,4,7,7,3
"concern",317,"concern",5,5,1,9,4,10,4
"concert",318,"concert",36,4,1,5,2,2,2
"conclus",319,"conclus",1,1,1,9,4,1,5
"condit",320,"condit",8,1,2,9,6,11,4
"conduct",321,"conduct",1,6,1,8,4,1,5
"confer",322,"confer",27,1,1,6,3,6,3
"confid",323,"confid",1,6,1,8,4,1,5
"configur",324,"configur",32,1,1,5,5,4,2
"confirm",325,"confirm",2,2,1,1,1,9,1
"conform",326,"conform",15,4,1,5,2,8,3
"connect",327,"connect",31,2,1,4,1,5,1
"consecut",328,"consecut",6,3,1,8,4,1,3
"consequ",329,"consequ",6,3,1,6,5,3,3
"conserv",330,"conserv",5,5,1,9,8,10,4
"consid",331,"consid",1,1,1,8,4,1,2
"consist",332,"consist",13,1,1,1,3,4,3
"constant",333,"constant",5,3,1,9,5,7,4
"constitu",334,"constitu",36,1,1,5,2,2,2
"constitut",335,"constitut",12,4,1,5,2,2,2
"constrain",336,"constrain",2,2,1,1,1,9,1
"construct",337,"construct",5,3,1,9,8,10,4
"consum",338,"consum",24,1,1,9,4,1,2
"consumpt",339,"consumpt",28,1,1,5,3,6,2
"contact",340,"contact",1,6,1,8,4,1,5
"contain",341,"contain",7,1,1,6,7,3,3
"contamin",342,"contamin",39,2,1,1,1,9,1
"contemporari",343,"contemporari",1,6,1,8,4,1,5
"content",344,"content",10,2,1,1,1,10,1
"context",345,"context",1,6,1,8,4,1,5
"contin",346,"contin",3,3,2,9,3,7,3
"continu",347,"continu",2,1,2,9,1,9,1
"continuum",348,"continuum",5,5,1,9,6,10,4
"contract",349,"contract",32,1,1,5,2,4,2
"contrast",350,"contrast",4,2,1,1,1,5,3
"contribut",351,"contribut",18,2,1,8,1,1,5
"contributor",352,"contributor",1,6,1,8,4,1,5
"control",353,"control",1,3,1,9,3,10,3
"convect",354,"convect",2,2,1,1,1,9,1
"converg",355,"converg",37,5,1,9,1,10,4
"convert",356,"convert",38,4,1,5,2,2,2
"convex",357,"convex",30,1,1,5,2,1,2
"cool",358,"cool",2,2,5,1,1,9,1
"cooper",359,"cooper",22,1,1,4,6,7,2
"cope",360,"cope",1,6,1,8,3,10,5
"coral",361,"coral",7,3,1,6,7,3,8
"core",362,"core",2,2,1,9,1,9,1
"correct",363,"correct",2,2,1,1,1,9,1
"corrector",364,"corrector",5,5,1,9,8,10,4
"correl",365,"correl",1,1,1,8,3,1,3
"correspond",366,"correspond",3,3,1,9,3,7,3
"cosmic",367,"cosmic",31,2,1,4,1,5,1
"cost",368,"cost",1,6,1,8,4,1,5
"couch",369,"couch",4,2,1,1,1,5,1
"cour",370,"cour",1,6,1,8,4,1,5
"cover",371,"cover",4,2,1,1,1,5,3
"crater",372,"crater",17,3,1,3,3,11,10
"creat",373,"creat",20,1,1,6,7,4,3
"credit",374,"credit",32,1,1,5,5,4,2
"cretaceouspaleocen",375,"cretaceouspaleocen",16,3,1,6,3,7,3
"crisi",376,"crisi",1,6,1,8,3,10,5
"criterion",377,"criterion",7,3,1,6,7,3,8
"critic",378,"critic",1,4,1,9,4,1,5
"cross",379,"cross",19,3,1,9,8,7,3
"crude",380,"crude",10,2,1,1,1,10,1
"crust",381,"crust",3,3,2,9,3,7,3
"crustal",382,"crustal",3,3,2,9,3,7,3
"cryoelectron",383,"cryoelectron",36,4,1,5,2,2,2
"crystal",384,"crystal",7,3,1,6,7,3,8
"crystallograph",385,"crystallograph",15,4,1,2,2,8,3
"csf",386,"csf",38,4,1,5,2,2,2
"ctam",387,"ctam",1,6,1,8,4,1,5
"cue",388,"cue",1,6,1,8,3,10,5
"cumul",389,"cumul",16,3,1,6,3,7,3
"curl",390,"curl",15,4,1,2,2,8,3
"current",391,"current",2,1,1,1,1,9,3
"curv",392,"curv",25,2,1,1,1,5,1
"curvatur",393,"curvatur",3,3,1,9,3,7,3
"custom",394,"custom",27,1,1,6,3,6,3
"cycl",395,"cycl",12,1,1,5,3,2,2
"cyclic",396,"cyclic",32,1,1,5,5,4,2
"cytostat",397,"cytostat",8,4,1,5,2,2,2
"data",398,"data",1,1,3,9,4,3,3
"date",399,"date",13,3,1,6,7,4,3
"day",400,"day",34,2,1,7,1,5,1
"ddm",401,"ddm",14,4,1,5,2,2,6
"debi",402,"debi",5,5,1,9,5,10,4
"debrisavalanch",403,"debrisavalanch",6,3,1,6,5,3,3
"decad",404,"decad",6,3,1,6,5,3,3
"declin",405,"declin",6,1,1,7,5,3,1
"deconvolv",406,"deconvolv",10,2,1,1,1,5,1
"decoupl",407,"decoupl",3,3,2,9,3,7,3
"decrea",408,"decrea",2,2,1,1,1,9,1
"deep",409,"deep",2,2,1,1,1,9,1
"defici",410,"defici",10,2,1,1,1,10,1
"deficit",411,"deficit",1,6,1,8,4,1,5
"defin",412,"defin",2,1,1,1,1,9,1
"deform",413,"deform",17,3,1,3,3,11,10
"degen",414,"degen",37,5,1,9,1,10,4
"deglaci",415,"deglaci",20,3,1,6,7,4,3
"degr",416,"degr",3,2,1,9,3,3,3
"degreesc",417,"degreesc",23,4,1,5,2,2,2
"delay",418,"delay",1,6,1,8,4,1,5
"delet",419,"delet",14,4,1,5,2,2,2
"delta",420,"delta",9,2,1,9,7,5,1
"deltafront",421,"deltafront",26,3,1,4,7,7,3
"deltaic",422,"deltaic",26,3,1,4,7,7,3
"delus",423,"delus",1,6,1,8,4,1,5
"demethyl",424,"demethyl",14,4,1,5,2,2,6
"demonstr",425,"demonstr",6,3,1,8,4,3,3
"den",426,"den",7,3,1,6,7,3,8
"densiti",427,"densiti",2,2,1,1,1,9,1
"depend",428,"depend",3,1,2,9,3,7,2
"deplet",429,"deplet",7,3,1,6,7,3,8
"depolym",430,"depolym",15,4,1,2,2,8,3
"deposit",431,"deposit",6,3,1,6,7,3,3
"depress",432,"depress",11,3,1,8,4,3,3
"depth",433,"depth",3,3,4,9,3,1,3
"derepress",434,"derepress",8,4,1,5,2,2,2
"deriv",435,"deriv",2,2,1,9,1,9,1
"describ",436,"describ",16,3,1,6,3,7,3
"desert",437,"desert",19,3,1,9,8,7,3
"deserv",438,"deserv",10,2,1,1,1,5,1
"desir",439,"desir",1,1,1,8,4,1,5
"destabil",440,"destabil",15,4,1,2,2,8,3
"destroy",441,"destroy",35,1,1,6,4,7,3
"destruct",442,"destruct",39,2,1,1,1,9,1
"detach",443,"detach",19,3,1,9,8,7,3
"detail",444,"detail",2,2,1,1,1,9,1
"detect",445,"detect",2,2,2,9,1,9,1
"deterior",446,"deterior",35,1,1,6,4,7,3
"determin",447,"determin",2,2,1,1,1,9,1
"determinist",448,"determinist",32,1,1,5,5,4,2
"detritus",449,"detritus",6,3,1,6,5,3,3
"devast",450,"devast",6,3,1,6,5,3,3
"develop",451,"develop",1,3,1,8,4,1,3
"deviat",452,"deviat",24,1,1,9,4,1,2
"diagno",453,"diagno",1,6,1,8,4,1,5
"diagnosi",454,"diagnosi",1,6,1,8,4,1,5
"diagnost",455,"diagnost",1,6,1,8,4,1,5
"diagram",456,"diagram",2,2,1,1,1,9,1
"differ",457,"differ",2,1,2,9,1,9,3
"differenti",458,"differenti",1,3,1,9,3,3,3
"difficult",459,"difficult",1,6,1,8,4,1,5
"difficulti",460,"difficulti",2,2,1,1,1,9,1
"dimen",461,"dimen",1,6,1,8,4,1,5
"diminish",462,"diminish",6,3,1,6,5,3,3
"dip",463,"dip",19,3,1,9,8,7,3
"dipt",464,"dipt",1,6,3,8,4,1,5
"direct",465,"direct",1,1,4,9,2,4,3
"discharg",466,"discharg",6,3,1,8,4,3,3
"disciplin",467,"disciplin",1,6,1,8,4,1,5
"discontinu",468,"discontinu",5,5,1,9,8,10,4
"discov",469,"discov",11,3,1,9,3,3,3
"discret",470,"discret",13,1,1,6,7,4,3
"discuss",471,"discuss",1,2,1,9,3,10,5
"disk",472,"disk",18,2,1,1,1,5,1
"disord",473,"disord",1,6,1,8,4,1,5
"disorderrelev",474,"disorderrelev",1,6,1,8,3,10,5
"disorgan",475,"disorgan",1,6,1,8,4,1,5
"disper",476,"disper",12,3,1,5,2,2,2
"displac",477,"displac",10,2,1,1,1,10,1
"display",478,"display",20,1,1,8,7,4,3
"disproport",479,"disproport",9,2,1,7,1,5,1
"dissociationbound",480,"dissociationbound",10,2,1,1,1,5,1
"dissolut",481,"dissolut",12,4,1,5,2,2,9
"distal",482,"distal",17,3,1,3,3,11,10
"distanc",483,"distanc",2,2,1,1,1,9,1
"distant",484,"distant",18,2,1,1,1,5,1
"distinct",485,"distinct",13,2,1,5,2,4,2
"distortionari",486,"distortionari",30,1,1,5,2,1,2
"distribut",487,"distribut",2,1,1,1,1,9,1
"disturb",488,"disturb",6,3,1,6,5,3,3
"diver",489,"diver",7,3,1,9,8,3,3
"dna",490,"dna",14,4,1,5,2,2,6
"doe",491,"doe",21,1,1,9,2,4,2
"dollar",492,"dollar",21,1,1,5,2,4,7
"domain",493,"domain",1,4,3,9,4,1,3
"domaintyp",494,"domaintyp",15,4,1,2,2,8,3
"domin",495,"domin",3,3,1,9,3,7,3
"doubl",496,"doubl",21,1,1,5,2,4,7
"doublepeak",497,"doublepeak",25,2,1,1,1,5,1
"doubt",498,"doubt",3,3,1,9,3,7,5
"douyli",499,"douyli",33,5,1,9,3,7,4
"downstream",500,"downstream",24,1,1,9,4,1,2
"dphi",501,"dphi",5,5,1,9,8,10,4
"dressler",502,"dressler",10,2,1,1,1,10,1
"drosophila",503,"drosophila",14,4,1,5,2,2,2
"drug",504,"drug",1,6,1,8,4,1,5
"dsmiiir",505,"dsmiiir",1,6,1,8,4,1,5
"dt",506,"dt",2,2,1,1,1,9,1
"dual",507,"dual",15,4,1,2,2,8,3
"due",508,"due",20,1,1,7,3,5,3
"duopoli",509,"duopoli",22,1,1,4,6,7,2
"dup",510,"dup",1,6,3,8,4,1,5
"durat",511,"durat",1,6,1,8,4,1,5
"dure",512,"dure",7,3,1,8,7,3,3
"dust",513,"dust",18,2,1,1,1,5,1
"dwarf",514,"dwarf",2,2,5,1,1,9,1
"dynam",515,"dynam",2,1,1,1,1,9,1
"dysfunct",516,"dysfunct",1,6,1,8,4,1,5
"dysregul",517,"dysregul",1,6,1,8,3,10,5
"e",518,"e",18,2,1,1,1,5,1
"ear",519,"ear",16,2,1,1,3,7,3
"earliest",520,"earliest",16,3,1,6,3,7,3
"earlyonset",521,"earlyonset",1,6,1,8,4,1,5
"earlytyp",522,"earlytyp",4,2,1,1,1,5,1
"earthquak",523,"earthquak",19,3,1,9,8,7,3
"easili",524,"easili",3,3,1,9,3,7,3
"east",525,"east",13,3,1,6,3,4,3
"eastern",526,"eastern",13,3,1,6,7,4,3
"eastwest",527,"eastwest",19,3,1,9,8,7,3
"ebv",528,"ebv",2,2,1,1,1,9,1
"econom",529,"econom",27,1,1,6,3,6,3
"edgeon",530,"edgeon",18,2,1,1,1,5,1
"edif",531,"edif",11,3,1,6,7,3,3
"eet",532,"eet",3,3,2,9,3,7,3
"effect",533,"effect",1,1,3,8,4,3,3
"efficaci",534,"efficaci",1,6,1,8,4,10,5
"effici",535,"effici",1,1,1,9,4,1,5
"effort",536,"effort",1,6,1,8,4,1,5
"eg",537,"eg",1,6,3,8,4,1,5
"egflik",538,"egflik",14,4,1,5,2,2,2
"egress",539,"egress",12,4,1,5,2,2,9
"eikon",540,"eikon",5,5,1,9,8,10,4
"either",541,"either",35,1,1,6,4,7,3
"eject",542,"eject",9,2,1,7,1,5,1
"ejecta",543,"ejecta",17,3,1,3,3,11,10
"elast",544,"elast",3,3,2,9,3,7,3
"elector",545,"elector",30,1,1,5,2,1,2
"element",546,"element",1,2,1,1,1,1,3
"elementari",547,"elementari",5,5,1,9,8,10,4
"elimin",548,"elimin",2,2,1,1,1,9,1
"ellipt",549,"ellipt",9,2,1,9,6,5,1
"elsevi",550,"elsevi",5,5,2,9,6,10,4
"elucid",551,"elucid",15,4,1,2,2,8,3
"embryo",552,"embryo",14,4,1,5,2,2,2
"embryon",553,"embryon",23,4,1,5,2,2,2
"emerg",554,"emerg",1,6,1,8,4,1,5
"emigdio",555,"emigdio",19,3,1,9,8,7,3
"emiss",556,"emiss",4,2,4,1,1,5,1
"emot",557,"emot",1,6,1,8,3,10,5
"empir",558,"empir",1,1,1,8,3,10,3
"employ",559,"employ",27,1,1,5,3,6,3
"enabl",560,"enabl",8,4,1,5,2,2,2
"encod",561,"encod",14,4,1,5,2,2,2
"end",562,"end",15,1,1,8,8,8,3
"endocytosi",563,"endocytosi",40,4,1,9,2,5,2
"endogen",564,"endogen",14,4,1,5,2,2,6
"endonuclea",565,"endonuclea",14,4,1,5,2,2,6
"energi",566,"energi",9,2,1,5,2,5,1
"enhanc",567,"enhanc",4,2,4,1,1,5,2
"enough",568,"enough",2,2,1,1,1,9,1
"ensembl",569,"ensembl",39,2,1,1,1,9,1
"enshroud",570,"enshroud",10,2,1,1,1,5,1
"ensur",571,"ensur",1,6,1,8,3,10,5
"entir",572,"entir",5,5,1,9,6,10,4
"entiti",573,"entiti",27,1,1,6,3,6,3
"entrepreneurship",574,"entrepreneurship",27,1,1,6,3,6,3
"entri",575,"entri",21,1,1,5,2,4,7
"envelop",576,"envelop",5,2,1,9,1,10,4
"envi",577,"envi",1,6,1,8,4,1,5
"environ",578,"environ",1,2,1,8,3,5,3
"enzym",579,"enzym",12,4,1,5,2,2,9
"eocen",580,"eocen",17,3,1,3,3,11,10
"episod",581,"episod",1,6,1,8,4,1,5
"epith",582,"epith",8,4,1,5,2,2,2
"epoch",583,"epoch",4,2,1,1,1,5,1
"epsilon",584,"epsilon",5,5,1,9,8,10,4
"equal",585,"equal",3,3,1,9,3,7,3
"equat",586,"equat",5,5,2,9,6,10,4
"equilibria",587,"equilibria",22,1,1,5,6,7,2
"equilibrium",588,"equilibrium",32,1,1,5,5,4,2
"equiti",589,"equiti",28,1,1,5,3,6,2
"equiv",590,"equiv",3,2,2,9,3,7,3
"er",591,"er",12,4,1,5,2,2,9
"ergolgi",592,"ergolgi",12,4,1,5,2,2,9
"ero",593,"ero",3,3,1,9,3,7,3
"error",594,"error",5,5,1,9,8,10,4
"erupt",595,"erupt",6,3,1,6,7,3,3
"eruptiongen",596,"eruptiongen",6,3,1,6,5,3,3
"essenti",597,"essenti",8,4,1,9,6,2,2
"establish",598,"establish",23,4,1,5,2,2,2
"estim",599,"estim",3,2,2,9,3,7,3
"et",600,"et",4,2,1,9,1,5,1
"ethic",601,"ethic",1,6,1,8,4,1,5
"eukaryot",602,"eukaryot",40,4,1,9,2,5,2
"europ",603,"europ",21,1,1,5,2,4,7
"european",604,"european",21,1,1,5,2,4,7
"evalu",605,"evalu",1,6,1,8,4,1,5
"even",606,"even",22,1,1,5,6,7,2
"event",607,"event",3,1,1,9,3,7,3
"eventu",608,"eventu",1,6,1,8,4,1,5
"everi",609,"everi",12,4,1,8,4,2,2
"evid",610,"evid",1,1,4,1,1,10,3
"evolut",611,"evolut",3,3,1,9,3,7,3
"exact",612,"exact",5,5,1,9,8,10,4
"examin",613,"examin",1,1,1,8,4,1,5
"exampl",614,"exampl",7,3,1,9,7,3,3
"exceed",615,"exceed",6,3,1,6,5,3,3
"excel",616,"excel",2,2,1,1,1,9,1
"excess",617,"excess",28,1,1,1,1,6,3
"exchang",618,"exchang",5,5,1,9,5,10,4
"exclud",619,"exclud",4,1,1,9,1,5,1
"exclus",620,"exclus",9,2,1,7,1,5,1
"execut",621,"execut",1,6,6,8,4,1,5
"exhaust",622,"exhaust",10,2,1,1,1,10,1
"exhibit",623,"exhibit",2,2,1,1,1,9,1
"exist",624,"exist",19,1,4,9,3,7,3
"exogen",625,"exogen",30,1,1,5,2,1,2
"expan",626,"expan",32,1,1,5,5,4,2
"expand",627,"expand",13,3,1,8,4,4,3
"expect",628,"expect",2,2,1,1,1,9,1
"experi",629,"experi",1,6,6,8,4,1,5
"experienc",630,"experienc",1,2,1,1,3,1,3
"expert",631,"expert",1,6,1,8,4,1,5
"explain",632,"explain",3,2,1,9,3,7,3
"explicit",633,"explicit",37,5,1,9,1,10,4
"explo",634,"explo",6,3,1,6,7,3,3
"exploit",635,"exploit",12,4,1,5,2,2,9
"explor",636,"explor",1,6,1,8,4,1,5
"export",637,"export",12,4,1,5,2,2,9
"express",638,"express",3,3,2,9,3,10,2
"exten",639,"exten",11,3,1,9,3,3,3
"extend",640,"extend",2,1,4,9,1,9,1
"extens",641,"extens",11,3,1,9,8,3,3
"extern",642,"extern",39,2,1,1,1,9,1
"extinct",643,"extinct",25,2,1,1,1,5,1
"extracellular",644,"extracellular",14,4,1,5,2,2,2
"extrapol",645,"extrapol",39,2,1,1,1,9,1
"extrasolar",646,"extrasolar",39,2,1,1,1,9,1
"extrem",647,"extrem",2,2,1,1,1,9,1
"faceon",648,"faceon",18,2,1,1,1,5,1
"facilit",649,"facilit",24,1,1,9,2,2,2
"fact",650,"fact",31,2,1,4,1,5,1
"factor",651,"factor",1,1,1,8,4,1,3
"faculti",652,"faculti",1,6,1,8,4,1,5
"fail",653,"fail",12,4,1,8,4,2,2
"failur",654,"failur",30,1,1,5,2,1,2
"faint",655,"faint",2,2,1,1,1,9,1
"fallout",656,"fallout",7,3,1,6,7,3,8
"famili",657,"famili",1,4,1,9,3,10,3
"familiar",658,"familiar",5,5,1,9,8,10,4
"fault",659,"fault",16,3,4,9,3,7,3
"faultplan",660,"faultplan",19,3,1,9,8,7,3
"favor",661,"favor",17,3,1,3,3,11,10
"featur",662,"featur",2,1,1,1,1,5,1
"felt",663,"felt",1,6,1,8,4,1,5
"fenton",664,"fenton",1,6,1,8,4,1,5
"fentonsimpact",665,"fentonsimpact",1,6,1,8,4,1,5
"fervent",666,"fervent",1,6,1,8,4,1,5
"fiduci",667,"fiduci",2,2,1,1,1,9,1
"field",668,"field",4,2,1,1,1,5,1
"filament",669,"filament",23,2,1,5,1,2,2
"filamentari",670,"filamentari",31,2,1,4,1,5,1
"final",671,"final",1,4,1,8,4,1,5
"financ",672,"financ",32,1,1,5,5,4,2
"find",673,"find",2,1,4,1,1,9,3
"fingerlik",674,"fingerlik",15,4,1,2,2,8,3
"firm",675,"firm",22,1,1,9,6,7,2
"first",676,"first",1,1,1,9,4,1,5
"firstlo",677,"firstlo",27,1,1,6,3,6,3
"five",678,"five",6,2,1,8,4,3,1
"flank",679,"flank",20,3,1,6,7,4,3
"flatspectrum",680,"flatspectrum",9,2,1,7,1,5,1
"flexibl",681,"flexibl",22,1,1,4,6,7,2
"flexiblewag",682,"flexiblewag",21,1,1,5,2,4,7
"flexur",683,"flexur",3,3,2,9,3,7,3
"float",684,"float",7,3,1,6,7,3,8
"flood",685,"flood",16,3,1,6,3,7,3
"flow",686,"flow",3,3,2,9,3,7,3
"fluctuat",687,"fluctuat",6,1,1,6,5,3,3
"fluvial",688,"fluvial",16,3,1,6,3,7,3
"flux",689,"flux",6,2,1,1,5,3,1
"focal",690,"focal",19,3,1,9,8,7,3
"focus",691,"focus",1,1,1,8,4,1,5
"follow",692,"follow",6,1,1,8,7,3,3
"followup",693,"followup",1,6,1,8,4,1,5
"foreclosur",694,"foreclosur",24,1,1,9,4,1,2
"foregroundbackground",695,"foregroundbackground",2,2,1,1,1,9,1
"foresight",696,"foresight",1,6,1,8,3,10,5
"forev",697,"forev",30,1,1,5,2,1,2
"form",698,"form",7,2,1,6,7,3,3
"formal",699,"formal",41,5,1,9,6,7,4
"format",700,"format",4,2,1,1,1,5,3
"found",701,"found",2,2,4,1,1,5,1
"four",702,"four",19,3,1,9,8,7,3
"fourteen",703,"fourteen",10,2,1,1,1,10,1
"fractal",704,"fractal",7,3,1,6,7,3,8
"fraction",705,"fraction",4,1,1,1,1,5,1
"fragment",706,"fragment",7,3,1,6,7,3,3
"framework",707,"framework",5,5,1,9,5,10,4
"free",708,"free",21,1,1,5,7,4,2
"frequent",709,"frequent",4,2,1,8,1,5,1
"friedrich",710,"friedrich",41,5,1,9,6,7,4
"front",711,"front",26,3,1,4,7,7,3
"full",712,"full",1,6,1,8,4,1,5
"function",713,"function",1,2,6,1,1,9,3
"fundament",714,"fundament",4,2,1,1,1,5,1
"furthermor",715,"furthermor",4,2,1,9,1,5,1
"futur",716,"futur",1,1,1,8,3,1,3
"g",717,"g",25,2,1,1,1,5,1
"gain",718,"gain",24,1,1,9,4,1,2
"galaxi",719,"galaxi",2,2,4,1,1,5,1
"galena",720,"galena",11,3,1,6,7,3,3
"game",721,"game",24,1,1,9,2,1,2
"gap",722,"gap",2,2,1,1,1,9,1
"gas",723,"gas",11,2,1,1,1,3,3
"gaspha",724,"gaspha",39,2,1,1,1,9,1
"gear",725,"gear",36,4,1,5,2,2,2
"gender",726,"gender",1,6,1,8,4,1,5
"gene",727,"gene",14,4,1,5,2,2,2
"general",728,"general",6,1,1,9,5,3,3
"generat",729,"generat",16,1,1,9,3,7,3
"genesi",730,"genesi",12,4,1,5,2,2,9
"genet",731,"genet",11,3,1,5,7,3,3
"genotox",732,"genotox",14,4,1,5,2,2,6
"geometr",733,"geometr",5,5,1,9,8,10,4
"geometri",734,"geometri",33,5,1,9,3,7,4
"geotherm",735,"geotherm",3,3,2,9,3,7,3
"gfptag",736,"gfptag",12,4,1,5,2,2,9
"ghz",737,"ghz",9,2,1,7,1,5,1
"giant",738,"giant",2,2,1,1,1,9,1
"give",739,"give",3,1,2,9,3,7,4
"given",740,"given",2,2,1,9,1,9,1
"glaciat",741,"glaciat",20,3,1,6,7,4,3
"glass",742,"glass",13,3,1,6,7,4,3
"glial",743,"glial",23,4,1,5,2,2,2
"global",744,"global",2,1,1,9,1,9,2
"glycosylaselya",745,"glycosylaselya",14,4,1,5,2,2,6
"goal",746,"goal",2,2,1,1,1,9,1
"golgi",747,"golgi",12,4,1,5,2,2,9
"good",748,"good",22,1,1,4,6,7,2
"gpa",749,"gpa",17,3,1,3,3,11,10
"gradient",750,"gradient",5,5,1,9,6,10,4
"graduat",751,"graduat",1,6,1,8,3,10,5
"grain",752,"grain",17,3,1,3,3,11,10
"great",753,"great",7,3,1,6,7,3,8
"greater",754,"greater",6,2,1,9,5,3,3
"green",755,"green",9,2,1,7,1,5,1
"greenland",756,"greenland",16,3,1,6,3,7,3
"gregori",757,"gregori",31,2,1,4,1,5,1
"gripenberg",758,"gripenberg",37,5,1,9,1,10,4
"groov",759,"groov",15,4,1,2,2,8,3
"group",760,"group",1,2,3,8,4,1,3
"grow",761,"grow",1,4,1,8,3,10,2
"growth",762,"growth",8,1,1,5,3,2,2
"growthinhibitori",763,"growthinhibitori",8,4,1,5,2,2,2
"guckenheim",764,"guckenheim",5,5,1,9,8,10,4
"guid",765,"guid",1,6,1,8,4,1,5
"guidanc",766,"guidanc",1,6,3,8,4,1,5
"h",767,"h",25,2,4,1,1,5,1
"habit",768,"habit",28,1,1,5,3,6,2
"half",769,"half",19,2,1,9,1,7,3
"hamiltonian",770,"hamiltonian",5,5,1,9,8,10,4
"hamiltonjacobi",771,"hamiltonjacobi",5,5,1,9,8,10,4
"happen",772,"happen",13,3,1,6,7,4,3
"harm",773,"harm",24,1,1,9,4,1,2
"hazard",774,"hazard",7,3,1,6,7,3,8
"hcn",775,"hcn",10,2,4,1,1,5,1
"hd",776,"hd",34,2,1,7,1,5,1
"hdeltastrong",777,"hdeltastrong",4,2,1,1,1,5,1
"heart",778,"heart",14,4,1,5,2,2,2
"height",779,"height",18,2,1,1,1,5,1
"helen",780,"helen",6,3,1,6,5,3,3
"helic",781,"helic",15,4,1,2,2,8,3
"help",782,"help",1,6,1,8,4,1,5
"henc",783,"henc",4,2,1,1,1,5,1
"hereditari",784,"hereditari",29,4,1,5,2,2,2
"hi",785,"hi",25,2,1,1,1,5,1
"hib",786,"hib",23,4,1,5,2,2,2
"high",787,"high",8,1,1,8,3,10,2
"higher",788,"higher",1,4,1,8,4,1,3
"highlight",789,"highlight",1,6,1,8,4,1,5
"hippocamp",790,"hippocamp",23,4,1,5,2,2,2
"hippocampus",791,"hippocampus",23,4,1,5,2,2,2
"histori",792,"histori",16,3,1,6,3,7,3
"hold",793,"hold",22,1,1,9,6,7,2
"homogen",794,"homogen",22,1,1,4,6,7,2
"homolog",795,"homolog",14,4,1,5,2,2,2
"homologydepend",796,"homologydepend",14,4,1,5,2,2,6
"hopeless",797,"hopeless",1,6,1,8,4,1,5
"horizon",798,"horizon",17,3,1,3,3,11,10
"horizont",799,"horizont",19,3,1,9,8,7,3
"hospit",800,"hospit",1,6,1,8,4,1,5
"host",801,"host",9,2,1,5,2,5,1
"hot",802,"hot",16,3,1,6,3,7,3
"hotellingdown",803,"hotellingdown",30,1,1,5,2,1,2
"howev",804,"howev",1,1,3,8,4,5,3
"hr",805,"hr",12,4,1,5,2,2,9
"human",806,"human",1,4,1,8,4,1,3
"hundr",807,"hundr",16,3,1,6,3,7,3
"hyad",808,"hyad",2,2,1,1,1,9,1
"hyaloclast",809,"hyaloclast",20,3,1,6,7,4,3
"hydra",810,"hydra",4,2,1,1,1,5,1
"hydrogen",811,"hydrogen",14,4,1,5,2,2,6
"hydrolysi",812,"hydrolysi",15,4,1,2,2,8,3
"hydrotherm",813,"hydrotherm",11,3,1,6,7,3,3
"hyperbol",814,"hyperbol",5,5,1,9,8,10,4
"hyperfin",815,"hyperfin",10,2,1,1,1,5,1
"hypermethyl",816,"hypermethyl",14,4,1,5,2,2,6
"iatrogen",817,"iatrogen",1,6,1,8,3,10,5
"ice",818,"ice",20,3,1,6,7,4,3
"iceland",819,"iceland",20,3,1,6,7,4,3
"idea",820,"idea",12,1,1,5,2,2,2
"ident",821,"ident",13,3,1,6,7,4,3
"identif",822,"identif",9,2,1,7,1,5,1
"identifi",823,"identifi",9,2,1,9,2,5,3
"ie",824,"ie",3,3,1,9,3,7,3
"ii",825,"ii",4,2,1,1,1,5,1
"iii",826,"iii",2,2,1,1,1,9,2
"ill",827,"ill",1,6,1,8,4,1,5
"illustr",828,"illustr",7,3,1,6,7,3,8
"imag",829,"imag",12,2,1,1,1,2,2
"imf",830,"imf",2,2,1,1,1,9,1
"immigr",831,"immigr",21,1,1,5,2,4,7
"immort",832,"immort",8,4,1,5,2,2,2
"immunoem",833,"immunoem",12,4,1,5,2,2,9
"impact",834,"impact",17,1,1,9,3,1,3
"impair",835,"impair",1,6,1,8,4,1,5
"imperfect",836,"imperfect",22,1,1,4,6,7,2
"implant",837,"implant",23,4,1,5,2,2,2
"impli",838,"impli",17,3,1,3,3,11,10
"implic",839,"implic",15,1,1,8,3,8,3
"import",840,"import",1,2,1,9,1,9,1
"imposs",841,"imposs",22,1,1,4,6,7,2
"improv",842,"improv",1,1,3,8,3,10,5
"inactiv",843,"inactiv",8,4,1,5,2,2,2
"inc",844,"inc",5,5,2,9,6,10,4
"inci",845,"inci",16,3,1,6,3,7,3
"inclin",846,"inclin",18,2,1,1,1,5,1
"includ",847,"includ",1,1,3,1,1,9,1
"incom",848,"incom",21,1,1,5,4,4,2
"increa",849,"increa",1,1,1,1,1,9,3
"independ",850,"independ",9,2,1,9,3,10,1
"indeterminaci",851,"indeterminaci",32,1,1,5,5,4,2
"index",852,"index",17,3,1,3,3,11,10
"indic",853,"indic",10,1,4,5,3,5,3
"indirect",854,"indirect",30,1,1,5,2,1,2
"individu",855,"individu",1,4,1,8,3,10,5
"induc",856,"induc",8,1,1,5,2,2,2
"industri",857,"industri",24,1,1,9,4,1,2
"inelast",858,"inelast",3,3,2,9,3,7,3
"inequ",859,"inequ",5,5,1,9,6,10,4
"inevit",860,"inevit",26,3,1,4,7,7,3
"infer",861,"infer",7,1,1,5,7,3,3
"infimum",862,"infimum",33,5,1,9,3,7,4
"infin",863,"infin",5,5,1,9,6,10,4
"inflat",864,"inflat",1,6,3,8,4,1,5
"influenc",865,"influenc",3,3,1,9,3,7,3
"inform",866,"inform",22,1,1,8,4,7,2
"infrar",867,"infrar",9,2,1,1,1,5,1
"infraredradio",868,"infraredradio",9,2,1,7,1,5,1
"ingredi",869,"ingredi",1,6,1,8,4,10,5
"inherit",870,"inherit",12,4,1,5,2,2,9
"inhibit",871,"inhibit",8,4,1,5,2,2,2
"inhibitor",872,"inhibitor",14,4,1,5,2,2,6
"initi",873,"initi",1,4,1,9,4,1,2
"innov",874,"innov",27,1,1,5,2,6,3
"input",875,"input",27,1,1,6,7,7,3
"insight",876,"insight",40,4,1,9,2,5,2
"instabl",877,"instabl",6,3,1,6,5,3,3
"instanc",878,"instanc",5,5,1,9,6,10,4
"instead",879,"instead",14,4,1,5,2,2,2
"institut",880,"institut",1,6,1,8,4,1,5
"insul",881,"insul",21,1,1,5,2,4,7
"intact",882,"intact",1,6,1,8,4,1,5
"integr",883,"integr",24,1,1,9,4,2,2
"inten",884,"inten",1,6,1,8,4,1,5
"interact",885,"interact",8,2,1,9,3,2,2
"interest",886,"interest",1,1,1,8,3,1,3
"interestr",887,"interestr",35,1,1,6,4,7,3
"interferometr",888,"interferometr",10,2,1,1,1,5,1
"intermedi",889,"intermedi",4,1,1,1,1,5,1
"intermediari",890,"intermediari",12,4,1,5,2,2,9
"intermediateag",891,"intermediateag",2,2,1,1,1,9,1
"intern",892,"intern",1,2,1,8,3,10,5
"interperson",893,"interperson",1,6,1,8,3,10,5
"interpha",894,"interpha",12,4,1,5,2,2,9
"interpret",895,"interpret",3,3,2,9,3,7,3
"interprotofila",896,"interprotofila",15,4,1,2,2,8,3
"intersector",897,"intersector",28,1,1,5,3,6,2
"interstellar",898,"interstellar",18,2,1,1,1,5,1
"interv",899,"interv",1,6,3,8,4,10,5
"introduc",900,"introduc",28,1,1,5,3,6,2
"intuit",901,"intuit",22,1,1,4,6,7,2
"inund",902,"inund",7,3,1,6,7,3,8
"invari",903,"invari",5,5,1,9,6,10,4
"inventori",904,"inventori",1,6,1,8,4,1,5
"inver",905,"inver",5,5,1,9,6,10,4
"invert",906,"invert",28,1,1,5,3,6,2
"invest",907,"invest",32,1,1,5,2,4,2
"investig",908,"investig",2,1,1,1,1,9,1
"invok",909,"invok",26,3,1,4,7,7,3
"involv",910,"involv",1,1,2,9,4,1,3
"ion",911,"ion",5,5,2,9,5,10,4
"irc",912,"irc",10,2,4,1,1,5,1
"iron",913,"iron",11,3,1,6,7,3,3
"irregular",914,"irregular",25,2,1,1,1,5,1
"island",915,"island",11,3,1,6,7,3,3
"isochron",916,"isochron",2,2,1,1,1,9,1
"isostasi",917,"isostasi",3,3,1,9,3,7,3
"issu",918,"issu",1,1,1,9,3,10,3
"itali",919,"itali",17,3,1,3,3,11,10
"j",920,"j",10,2,1,1,1,5,1
"jakobsen",921,"jakobsen",37,5,1,9,1,10,4
"jet",922,"jet",9,2,1,7,1,5,1
"jurass",923,"jurass",26,3,1,4,7,7,3
"justif",924,"justif",5,5,1,9,8,10,4
"jy",925,"jy",25,2,1,1,1,5,1
"ka",926,"ka",13,3,1,6,7,4,3
"kaksonen",927,"kaksonen",40,4,1,9,2,5,2
"kam",928,"kam",5,5,1,9,8,10,4
"karlsen",929,"karlsen",37,5,1,9,1,10,4
"kennicutt",930,"kennicutt",4,2,1,1,1,5,1
"key",931,"key",8,1,1,5,2,2,2
"kifc",932,"kifc",15,4,1,2,2,8,3
"kina",933,"kina",14,4,1,5,2,2,2
"kind",934,"kind",34,2,1,9,3,5,1
"kinesin",935,"kinesin",15,4,1,2,2,8,3
"king",936,"king",2,2,1,1,1,9,1
"kingdom",937,"kingdom",1,6,1,8,4,1,5
"kitt",938,"kitt",4,2,1,1,1,5,1
"km",939,"km",13,2,4,1,3,4,3
"knowledg",940,"knowledg",1,6,1,8,4,1,5
"known",941,"known",3,2,1,9,3,7,3
"kolbeinsey",942,"kolbeinsey",20,3,1,6,7,4,3
"krakatau",943,"krakatau",7,3,1,6,7,3,8
"kurokotyp",944,"kurokotyp",11,3,1,6,7,3,3
"l",945,"l",4,2,1,9,1,5,1
"labor",946,"labor",21,1,1,5,2,4,7
"lack",947,"lack",8,2,1,5,3,2,2
"lahar",948,"lahar",6,3,1,6,5,3,3
"lambda",949,"lambda",18,2,1,1,1,5,1
"lamella",950,"lamella",17,3,1,3,3,11,10
"lane",951,"lane",18,2,1,1,1,5,1
"larg",952,"larg",4,2,4,1,1,5,1
"larger",953,"larger",1,2,1,8,4,4,3
"last",954,"last",20,3,1,6,7,4,3
"late",955,"late",17,3,1,6,3,11,3
"lateact",956,"lateact",14,4,1,5,2,2,2
"later",957,"later",15,4,1,8,4,8,3
"latetyp",958,"latetyp",4,2,1,1,1,5,1
"latter",959,"latter",34,2,1,7,1,5,1
"law",960,"law",27,1,1,9,6,6,3
"layer",961,"layer",13,2,1,1,3,4,3
"lead",962,"lead",3,2,1,9,3,7,3
"leadingind",963,"leadingind",28,1,1,5,3,6,2
"leagu",964,"leagu",27,1,1,6,3,6,3
"led",965,"led",3,1,1,9,3,3,3
"legaci",966,"legaci",1,6,1,8,4,1,5
"leiman",967,"leiman",36,4,1,5,2,2,2
"lemma",968,"lemma",5,5,1,9,5,10,4
"length",969,"length",5,5,1,9,5,10,4
"leraylion",970,"leraylion",33,5,1,9,3,7,4
"less",971,"less",21,1,1,5,2,4,2
"lessen",972,"lessen",1,6,1,8,3,10,5
"lessthanorequalto",973,"lessthanorequalto",18,2,1,1,1,5,1
"let",974,"let",5,5,1,9,6,10,4
"level",975,"level",6,1,1,5,7,3,2
"lie",976,"lie",5,2,1,9,6,10,4
"life",977,"life",1,6,6,8,4,1,5
"limit",978,"limit",2,1,1,1,1,9,1
"limitcircl",979,"limitcircl",41,5,1,9,6,7,4
"line",980,"line",4,2,4,1,1,5,1
"linear",981,"linear",10,2,1,1,1,5,1
"lineprofil",982,"lineprofil",34,2,1,7,1,5,1
"link",983,"link",13,3,1,6,7,4,3
"lipid",984,"lipid",12,4,1,5,2,2,9
"list",985,"list",10,2,1,1,1,10,1
"lithic",986,"lithic",7,3,1,6,7,3,8
"lithofaci",987,"lithofaci",7,3,1,6,7,3,8
"litholog",988,"litholog",7,3,1,6,7,3,8
"lithosph",989,"lithosph",3,3,2,9,3,7,3
"litnit",990,"litnit",5,5,1,9,8,10,4
"littl",991,"littl",1,6,1,8,3,10,5
"live",992,"live",1,6,1,8,3,10,5
"load",993,"load",3,3,2,9,3,7,3
"lobe",994,"lobe",9,2,1,7,1,5,1
"local",995,"local",3,2,2,9,3,7,3
"locat",996,"locat",4,2,4,9,1,5,4
"loci",997,"loci",14,4,1,5,2,2,6
"lock",998,"lock",36,4,1,5,2,2,2
"locus",999,"locus",14,4,1,5,2,2,6
"logarithm",1000,"logarithm",9,2,1,7,1,5,1
"lone",1001,"lone",1,6,1,8,4,1,5
"loneli",1002,"loneli",1,6,1,8,4,1,5
"long",1003,"long",3,3,1,9,3,7,3
"longer",1004,"longer",1,1,1,9,4,1,5
"longterm",1005,"longterm",1,3,1,8,3,3,3
"look",1006,"look",5,5,1,9,6,10,4
"loop",1007,"loop",15,2,1,4,2,8,3
"loss",1008,"loss",12,4,1,8,4,2,2
"low",1009,"low",1,6,1,8,4,1,5
"lowangl",1010,"lowangl",19,3,4,9,8,7,3
"lowenergi",1011,"lowenergi",20,3,1,6,7,4,3
"lower",1012,"lower",1,1,2,9,3,7,2
"lowli",1013,"lowli",7,3,1,6,7,3,8
"lumino",1014,"lumino",2,2,1,1,1,9,1
"m",1015,"m",2,1,4,1,1,9,1
"made",1016,"made",18,2,1,1,1,5,1
"mag",1017,"mag",2,2,1,1,1,9,1
"magma",1018,"magma",13,3,1,6,7,4,3
"magnitud",1019,"magnitud",2,2,1,1,1,9,1
"main",1020,"main",2,2,1,1,1,9,1
"mainsequ",1021,"mainsequ",2,2,5,1,1,9,1
"maintain",1022,"maintain",21,1,1,5,2,4,7
"mainten",1023,"mainten",1,6,1,8,3,10,5
"major",1024,"major",3,1,1,9,3,3,3
"make",1025,"make",1,1,1,9,4,1,5
"malform",1026,"malform",14,4,1,5,2,2,2
"mammalian",1027,"mammalian",23,4,1,5,2,2,2
"mammari",1028,"mammari",8,4,1,5,2,2,2
"manag",1029,"manag",1,6,1,8,3,10,5
"manageri",1030,"manageri",27,1,1,6,3,6,3
"mani",1031,"mani",22,1,1,1,1,7,3
"manic",1032,"manic",1,6,1,8,4,1,5
"mantl",1033,"mantl",3,3,1,9,3,7,3
"map",1034,"map",9,2,1,7,1,5,1
"market",1035,"market",21,1,1,9,4,4,2
"markov",1036,"markov",22,1,1,5,6,7,2
"mask",1037,"mask",1,6,1,8,4,1,5
"mass",1038,"mass",2,2,4,1,1,9,1
"massignano",1039,"massignano",17,3,1,3,3,11,10
"massiv",1040,"massiv",2,2,1,1,1,9,3
"massivesulfid",1041,"massivesulfid",11,3,1,6,7,3,3
"match",1042,"match",2,2,1,1,1,9,1
"materi",1043,"materi",7,2,1,1,3,3,3
"mather",1044,"mather",5,5,1,9,8,10,4
"matric",1045,"matric",1,6,1,8,4,1,5
"matrix",1046,"matrix",14,4,1,5,2,2,2
"maximum",1047,"maximum",33,5,1,9,3,7,4
"mb",1048,"mb",4,2,1,1,1,5,1
"mdm",1049,"mdm",29,4,1,5,2,2,2
"mean",1050,"mean",1,1,1,8,3,10,5
"meanrevert",1051,"meanrevert",22,1,1,4,6,7,2
"measur",1052,"measur",6,3,6,9,4,3,3
"mechan",1053,"mechan",3,3,2,9,3,7,3
"median",1054,"median",30,1,1,5,2,1,2
"mediat",1055,"mediat",8,4,1,5,2,2,2
"medic",1056,"medic",1,6,1,8,3,10,5
"megagramskm",1057,"megagramskm",6,3,1,6,5,3,3
"member",1058,"member",15,4,1,2,2,8,3
"membran",1059,"membran",12,4,1,9,2,2,2
"merger",1060,"merger",24,1,1,9,4,1,2
"merit",1061,"merit",1,6,1,8,4,1,5
"metaanali",1062,"metaanali",1,6,1,8,4,1,5
"metaanalysi",1063,"metaanalysi",1,6,1,8,4,1,5
"metal",1064,"metal",2,2,1,1,1,9,1
"metalpollut",1065,"metalpollut",39,2,1,1,1,9,1
"meter",1066,"meter",16,3,1,6,3,7,3
"methanesulfon",1067,"methanesulfon",14,4,1,5,2,2,6
"method",1068,"method",1,5,3,9,4,1,3
"methodolog",1069,"methodolog",1,6,3,8,4,1,5
"methyl",1070,"methyl",14,4,1,5,2,2,6
"mexico",1071,"mexico",31,2,1,4,1,5,1
"mg",1072,"mg",6,2,1,1,5,3,3
"mgkm",1073,"mgkm",6,3,1,6,5,3,3
"mh",1074,"mh",25,2,1,1,1,5,1
"microscop",1075,"microscop",36,4,1,5,2,2,2
"microscopi",1076,"microscopi",40,4,1,9,2,5,2
"microstructur",1077,"microstructur",17,3,1,3,3,11,10
"microtubul",1078,"microtubul",15,4,1,2,2,8,3
"middl",1079,"middl",15,3,1,9,2,8,3
"midocean",1080,"midocean",20,3,1,6,7,4,3
"might",1081,"might",23,4,1,5,2,2,2
"migrat",1082,"migrat",21,1,1,5,2,4,7
"mild",1083,"mild",1,6,1,8,4,1,5
"minim",1084,"minim",1,4,1,9,3,10,5
"minimax",1085,"minimax",5,5,1,9,6,10,4
"minor",1086,"minor",9,2,1,1,1,5,1
"minoraxi",1087,"minoraxi",9,2,1,7,1,5,1
"misindentif",1088,"misindentif",4,2,1,1,1,5,1
"mitig",1089,"mitig",6,3,1,6,5,3,3
"mitosi",1090,"mitosi",12,4,1,5,2,2,9
"mitot",1091,"mitot",12,4,1,5,2,2,9
"mix",1092,"mix",7,3,1,6,7,3,8
"mixtur",1093,"mixtur",1,6,1,8,4,1,5
"mji",1094,"mji",9,2,1,7,1,5,1
"mmv",1095,"mmv",2,2,1,1,1,9,1
"mnras",1096,"mnras",4,2,1,1,1,5,1
"mobil",1097,"mobil",12,1,1,8,3,2,2
"mode",1098,"mode",1,6,1,8,4,1,5
"model",1099,"model",1,1,5,1,1,7,3
"moder",1100,"moder",4,2,6,8,1,5,1
"modest",1101,"modest",1,6,1,8,4,1,5
"modif",1102,"modif",28,1,1,5,3,6,2
"modifi",1103,"modifi",1,4,1,8,3,10,5
"modul",1104,"modul",40,4,1,9,2,5,2
"mojav",1105,"mojav",19,3,1,9,8,7,3
"molecul",1106,"molecul",8,4,1,5,2,2,2
"molecular",1107,"molecular",25,2,1,9,1,5,1
"momenta",1108,"momenta",34,2,1,7,1,5,1
"monetari",1109,"monetari",22,1,1,4,6,7,2
"money",1110,"money",35,1,1,6,4,7,3
"monitor",1111,"monitor",12,1,1,5,2,2,2
"monsoon",1112,"monsoon",13,3,1,6,7,4,3
"monster",1113,"monster",9,2,1,7,1,5,1
"month",1114,"month",1,6,1,8,4,1,5
"mood",1115,"mood",1,6,1,8,4,1,5
"moreov",1116,"moreov",12,4,1,5,2,2,9
"morpholog",1117,"morpholog",4,2,4,1,1,5,1
"mosaic",1118,"mosaic",25,2,1,1,1,5,1
"motor",1119,"motor",15,4,1,2,2,8,3
"mount",1120,"mount",6,3,1,6,5,3,3
"mountain",1121,"mountain",3,3,1,9,3,7,3
"move",1122,"move",21,1,1,8,4,4,2
"movement",1123,"movement",19,1,1,9,8,7,3
"mu",1124,"mu",5,5,1,9,6,10,4
"much",1125,"much",6,3,1,9,5,3,3
"multifamili",1126,"multifamili",1,6,1,8,4,10,5
"multifib",1127,"multifib",4,2,1,1,1,5,1
"multipl",1128,"multipl",5,1,2,9,4,1,3
"murin",1129,"murin",15,4,1,2,2,8,3
"must",1130,"must",6,3,1,5,5,3,3
"mutant",1131,"mutant",14,4,1,5,2,2,2
"mutat",1132,"mutat",15,4,1,5,2,8,2
"mv",1133,"mv",2,2,1,1,1,9,1
"myr",1134,"myr",2,2,1,1,1,9,1
"n",1135,"n",5,1,1,9,6,10,4
"na",1136,"na",18,2,1,1,1,5,1
"nai",1137,"nai",18,2,1,1,1,5,1
"nation",1138,"nation",21,1,1,5,2,4,7
"natur",1139,"natur",29,4,1,5,2,2,2
"nearbi",1140,"nearbi",9,2,1,7,1,5,1
"nearest",1141,"nearest",20,3,1,6,7,4,3
"nearsurfac",1142,"nearsurfac",17,3,1,3,3,11,10
"necessari",1143,"necessari",26,3,1,9,4,7,3
"neck",1144,"neck",15,4,1,2,2,8,3
"need",1145,"need",1,6,1,8,4,1,5
"negat",1146,"negat",1,1,3,8,4,1,5
"neither",1147,"neither",1,6,1,8,4,1,5
"neonat",1148,"neonat",23,4,1,5,2,2,2
"nervous",1149,"nervous",14,4,1,5,2,2,2
"nestin",1150,"nestin",23,4,1,5,2,2,2
"nestinposit",1151,"nestinposit",23,4,1,5,2,2,2
"net",1152,"net",24,1,1,9,4,1,2
"network",1153,"network",1,1,1,9,4,1,5
"neumann",1154,"neumann",37,5,1,9,1,10,4
"neurobiolog",1155,"neurobiolog",1,6,1,8,4,1,5
"neurocognit",1156,"neurocognit",1,6,1,8,4,1,5
"neuron",1157,"neuron",23,4,1,5,2,2,2
"neuropsycholog",1158,"neuropsycholog",1,6,1,8,4,1,5
"neurosci",1159,"neurosci",1,6,1,8,4,1,5
"nevada",1160,"nevada",19,3,1,9,8,7,3
"new",1161,"new",2,1,2,9,1,9,1
"newli",1162,"newli",11,3,1,6,7,3,3
"next",1163,"next",15,1,1,5,2,8,3
"nfictf",1164,"nfictf",38,4,1,5,2,2,2
"ngc",1165,"ngc",2,2,5,1,1,9,1
"nirenberg",1166,"nirenberg",33,5,1,9,3,7,4
"nn",1167,"nn",5,5,1,9,6,10,4
"nodal",1168,"nodal",19,3,1,9,8,7,3
"node",1169,"node",29,4,1,5,2,2,2
"noisi",1170,"noisi",22,1,1,4,6,7,2
"nomin",1171,"nomin",35,1,1,6,4,7,3
"noncanon",1172,"noncanon",8,4,1,5,2,2,2
"nonconvex",1173,"nonconvex",5,5,1,9,8,10,4
"nonexist",1174,"nonexist",33,5,1,9,3,7,4
"nonlinear",1175,"nonlinear",5,3,2,9,5,3,4
"nonneg",1176,"nonneg",5,5,1,9,6,10,4
"nonpor",1177,"nonpor",17,3,1,3,3,11,10
"nontarget",1178,"nontarget",1,6,1,8,4,1,5
"nontumorigen",1179,"nontumorigen",8,4,1,5,2,2,2
"nonvolcan",1180,"nonvolcan",7,3,1,6,7,3,8
"normal",1181,"normal",4,2,1,1,1,5,1
"north",1182,"north",16,3,1,6,3,7,3
"northern",1183,"northern",13,3,1,6,7,4,3
"northsouth",1184,"northsouth",19,3,1,9,8,7,3
"note",1185,"note",1,6,1,8,4,1,5
"notion",1186,"notion",1,6,1,8,4,1,5
"novel",1187,"novel",12,4,1,5,2,2,2
"ntermin",1188,"ntermin",15,4,1,2,2,8,3
"nuclear",1189,"nuclear",4,2,1,1,1,5,2
"nucleosom",1190,"nucleosom",38,4,1,5,2,2,2
"nucleotid",1191,"nucleotid",29,4,1,5,2,2,2
"nucleus",1192,"nucleus",18,2,1,1,1,5,1
"number",1193,"number",30,1,1,5,2,1,2
"nutrient",1194,"nutrient",40,4,1,9,2,5,2
"o",1195,"o",4,2,1,1,1,5,1
"object",1196,"object",2,2,1,9,1,9,1
"observ",1197,"observ",10,1,4,1,3,10,3
"obtain",1198,"obtain",4,2,1,9,1,5,1
"occur",1199,"occur",4,2,1,9,2,5,3
"ocean",1200,"ocean",3,3,2,9,3,7,3
"odd",1201,"odd",14,4,1,5,2,2,2
"oddnumb",1202,"oddnumb",14,4,1,5,2,2,2
"odz",1203,"odz",14,4,1,5,2,2,2
"oepsilon",1204,"oepsilon",5,5,1,9,8,10,4
"offer",1205,"offer",24,1,1,9,4,1,2
"often",1206,"often",1,6,1,8,4,1,5
"ohm",1207,"ohm",33,5,1,9,3,7,4
"on",1208,"on",1,1,1,9,4,1,3
"onc",1209,"onc",1,6,1,8,4,1,5
"one",1210,"one",1,1,2,9,3,7,3
"onedimens",1211,"onedimens",5,1,1,9,5,10,2
"oneeighth",1212,"oneeighth",21,1,1,5,2,4,7
"onefourth",1213,"onefourth",21,1,1,5,2,4,7
"onesector",1214,"onesector",32,1,1,5,5,4,2
"ongo",1215,"ongo",11,3,1,6,7,3,3
"onset",1216,"onset",1,6,1,8,4,1,5
"onshor",1217,"onshor",16,3,1,6,3,7,3
"onward",1218,"onward",35,1,1,6,4,7,3
"open",1219,"open",2,2,5,1,1,9,1
"oper",1220,"oper",24,1,1,9,4,1,4
"opinion",1221,"opinion",1,6,1,8,4,1,5
"oppo",1222,"oppo",24,1,1,9,4,1,2
"opportun",1223,"opportun",1,6,1,8,4,1,5
"opposit",1224,"opposit",34,2,1,7,1,5,1
"optic",1225,"optic",9,2,1,9,3,5,4
"optimum",1226,"optimum",1,6,1,8,4,1,5
"orbit",1227,"orbit",5,5,1,9,5,10,4
"order",1228,"order",6,3,1,9,3,3,3
"ore",1229,"ore",11,3,1,6,7,3,3
"orient",1230,"orient",17,3,1,3,3,11,10
"origin",1231,"origin",17,3,1,6,3,11,3
"oscil",1232,"oscil",33,5,1,9,3,7,4
"otherwi",1233,"otherwi",8,4,1,5,2,2,2
"outcom",1234,"outcom",1,6,3,8,4,1,5
"outflow",1235,"outflow",10,2,1,1,1,5,1
"outlet",1236,"outlet",24,1,1,9,4,1,2
"output",1237,"output",28,1,1,5,3,6,2
"outskirt",1238,"outskirt",4,2,1,1,1,5,1
"over",1239,"over",1,2,1,8,1,1,3
"overshoot",1240,"overshoot",2,2,1,1,1,9,1
"ownership",1241,"ownership",24,1,1,9,4,1,2
"oxid",1242,"oxid",11,3,1,6,7,3,3
"oz",1243,"oz",14,4,1,5,2,2,2
"p",1244,"p",8,2,2,9,6,2,2
"pact",1245,"pact",1,6,1,8,4,1,5
"pair",1246,"pair",9,2,1,5,2,5,1
"paleocen",1247,"paleocen",16,3,1,6,3,7,3
"paleoclimat",1248,"paleoclimat",26,3,1,4,7,7,3
"panarea",1249,"panarea",11,3,1,6,7,3,3
"paradigm",1250,"paradigm",12,4,1,5,2,2,9
"parallel",1251,"parallel",1,6,1,8,4,1,5
"paralogu",1252,"paralogu",8,4,1,5,2,2,2
"paramet",1253,"paramet",3,1,2,9,3,7,3
"parent",1254,"parent",1,6,1,8,4,1,5
"part",1255,"part",2,2,1,1,1,9,1
"partial",1256,"partial",17,3,1,9,3,11,3
"particip",1257,"particip",1,6,1,8,4,1,5
"particl",1258,"particl",20,3,1,6,7,4,3
"particletoparticl",1259,"particletoparticl",7,3,1,6,7,3,8
"particular",1260,"particular",2,2,1,9,1,9,1
"pathophysiolog",1261,"pathophysiolog",1,6,1,8,3,10,5
"pathway",1262,"pathway",12,4,1,5,2,2,2
"patient",1263,"patient",1,6,3,8,4,10,5
"pattern",1264,"pattern",26,3,1,4,7,7,3
"pbind",1265,"pbind",8,4,1,5,2,2,2
"peak",1266,"peak",4,2,4,1,1,5,1
"peel",1267,"peel",15,4,1,2,2,8,3
"peneplan",1268,"peneplan",16,3,1,6,3,7,3
"penetr",1269,"penetr",36,4,1,5,2,2,2
"peninsular",1270,"peninsular",19,3,1,9,8,7,3
"peopl",1271,"peopl",1,6,1,8,4,1,5
"perfect",1272,"perfect",30,1,1,5,2,1,2
"perform",1273,"perform",1,2,1,8,4,1,3
"period",1274,"period",16,1,1,8,3,7,3
"perman",1275,"perman",5,1,1,9,5,10,4
"peroxid",1276,"peroxid",14,4,1,5,2,2,6
"perseus",1277,"perseus",31,2,1,4,1,5,1
"persist",1278,"persist",12,1,1,5,3,2,2
"person",1279,"person",1,6,1,8,3,10,5
"perspect",1280,"perspect",6,3,1,8,4,3,3
"perturb",1281,"perturb",6,3,1,9,5,3,3
"pharmacolog",1282,"pharmacolog",1,6,1,8,4,1,5
"phase",1283,"phase",7,1,1,8,3,3,3
"phasespecif",1284,"phasespecif",1,6,1,8,3,10,5
"phenomenon",1285,"phenomenon",5,2,1,9,3,10,1
"phi",1286,"phi",5,5,1,9,8,10,4
"philippin",1287,"philippin",13,3,1,6,7,4,3
"phitxepsilon",1288,"phitxepsilon",5,5,1,9,8,10,4
"photobleach",1289,"photobleach",12,4,1,5,2,2,9
"photodissoci",1290,"photodissoci",10,2,1,1,1,5,1
"photometr",1291,"photometr",10,2,1,1,1,10,1
"photometri",1292,"photometri",2,2,1,1,1,9,1
"physic",1293,"physic",34,2,1,7,1,5,1
"physiolog",1294,"physiolog",8,4,1,5,2,2,2
"pictur",1295,"pictur",1,6,1,8,4,1,5
"piec",1296,"piec",5,5,1,9,8,10,4
"piecewi",1297,"piecewi",5,5,1,9,5,10,4
"pilotstudi",1298,"pilotstudi",10,2,1,1,1,10,1
"place",1299,"place",11,3,1,8,3,3,3
"planar",1300,"planar",17,3,1,3,3,11,10
"plane",1301,"plane",19,2,4,9,1,7,1
"planet",1302,"planet",39,2,1,1,1,9,1
"plasma",1303,"plasma",40,4,1,9,2,5,2
"plate",1304,"plate",3,3,2,9,3,7,3
"plateau",1305,"plateau",6,3,1,6,5,3,3
"platform",1306,"platform",30,1,1,5,2,1,2
"play",1307,"play",1,6,1,8,4,1,5
"plume",1308,"plume",16,3,1,6,3,7,3
"plumerel",1309,"plumerel",16,3,1,6,3,7,3
"pnp",1310,"pnp",5,5,2,9,5,10,4
"point",1311,"point",2,2,1,1,1,9,1
"poissonnernstplanck",1312,"poissonnernstplanck",5,5,1,9,5,10,4
"polici",1313,"polici",30,1,1,5,2,1,2
"pollut",1314,"pollut",39,2,1,1,1,9,1
"polymet",1315,"polymet",11,3,1,6,7,3,3
"polymorph",1316,"polymorph",29,4,1,5,2,2,2
"poor",1317,"poor",1,6,1,8,4,1,5
"popigai",1318,"popigai",17,3,1,3,3,11,10
"popul",1319,"popul",2,2,1,1,1,9,1
"port",1320,"port",1,6,1,8,4,1,5
"posit",1321,"posit",1,1,3,8,4,1,3
"possibl",1322,"possibl",19,2,4,9,3,7,3
"posterupt",1323,"posterupt",6,3,1,6,5,3,3
"postwar",1324,"postwar",35,1,1,6,4,7,3
"potenti",1325,"potenti",8,1,1,9,3,10,2
"power",1326,"power",36,4,1,5,2,2,2
"practic",1327,"practic",1,6,1,8,3,10,5
"practit",1328,"practit",1,6,1,8,4,1,5
"precipit",1329,"precipit",11,3,1,6,7,3,3
"preclud",1330,"preclud",20,3,1,6,7,4,3
"precursor",1331,"precursor",23,4,1,5,2,2,2
"predict",1332,"predict",3,1,1,9,3,7,3
"predictor",1333,"predictor",1,6,1,8,4,1,5
"predomin",1334,"predomin",31,2,1,4,1,5,1
"preerupt",1335,"preerupt",6,3,1,6,5,3,3
"prefer",1336,"prefer",2,1,1,1,1,9,1
"preferenti",1337,"preferenti",9,2,1,7,1,5,1
"preimpact",1338,"preimpact",17,3,1,3,3,11,10
"preliminari",1339,"preliminari",1,6,1,8,3,10,5
"premalign",1340,"premalign",8,4,1,5,2,2,2
"premium",1341,"premium",28,1,1,5,3,6,2
"presenc",1342,"presenc",17,1,1,5,3,11,3
"present",1343,"present",2,2,4,9,1,9,1
"presentday",1344,"presentday",11,3,1,6,7,3,3
"preshock",1345,"preshock",17,3,1,3,3,11,10
"press",1346,"press",33,5,1,9,6,7,4
"pressur",1347,"pressur",17,3,1,8,3,11,3
"prevent",1348,"prevent",20,3,1,6,7,4,3
"previous",1349,"previous",13,1,1,9,3,4,3
"price",1350,"price",22,1,1,9,4,7,2
"primari",1351,"primari",7,3,1,6,7,3,8
"primarili",1352,"primarili",6,3,1,6,5,3,3
"principl",1353,"principl",33,5,1,9,3,7,4
"prior",1354,"prior",16,3,1,5,3,7,3
"prioriti",1355,"prioriti",1,6,1,8,4,1,5
"privat",1356,"privat",30,1,1,5,2,1,2
"probabl",1357,"probabl",13,3,1,6,3,4,3
"problem",1358,"problem",5,1,2,9,5,10,4
"problemat",1359,"problemat",10,2,1,1,1,10,1
"procedur",1360,"procedur",10,2,1,9,1,10,1
"process",1361,"process",2,1,1,1,1,9,1
"produc",1362,"produc",9,2,1,5,2,5,2
"product",1363,"product",22,1,1,9,4,7,3
"profil",1364,"profil",10,2,1,1,1,5,1
"profit",1365,"profit",24,1,1,9,4,1,2
"profound",1366,"profound",1,6,1,8,4,1,5
"progenitor",1367,"progenitor",2,2,1,1,1,9,1
"prognost",1368,"prognost",1,6,1,8,4,1,5
"prograd",1369,"prograd",26,3,1,4,7,7,3
"program",1370,"program",1,1,1,9,4,1,5
"progress",1371,"progress",26,3,1,4,7,7,3
"prolif",1372,"prolif",23,4,1,5,2,2,2
"promot",1373,"promot",8,4,1,5,2,2,2
"prop",1374,"prop",21,1,1,5,2,4,7
"propag",1375,"propag",5,5,1,9,8,10,4
"properti",1376,"properti",17,1,1,9,3,11,3
"propo",1377,"propo",3,2,1,9,3,7,3
"proport",1378,"proport",7,3,1,6,7,3,8
"prospect",1379,"prospect",1,6,1,8,4,1,5
"protein",1380,"protein",14,4,1,5,2,2,2
"protocol",1381,"protocol",1,6,1,8,4,1,5
"protofila",1382,"protofila",15,4,1,2,2,8,3
"prove",1383,"prove",5,5,1,9,6,10,4
"provi",1384,"provi",1,6,1,8,4,1,5
"provid",1385,"provid",1,1,1,9,5,10,3
"provinc",1386,"provinc",16,3,1,6,3,7,3
"provoc",1387,"provoc",1,6,1,8,3,10,5
"proxim",1388,"proxim",25,2,1,1,1,5,1
"psychiatr",1389,"psychiatr",1,6,1,8,4,1,5
"psychiatri",1390,"psychiatri",1,6,1,8,4,1,5
"psychiatrist",1391,"psychiatrist",1,6,1,8,4,1,5
"psycho",1392,"psycho",1,6,1,8,4,1,5
"psychoeduc",1393,"psychoeduc",1,6,1,8,3,10,5
"psycholog",1394,"psycholog",1,6,3,8,4,1,5
"psychosi",1395,"psychosi",1,6,1,8,4,1,5
"psychosoci",1396,"psychosoci",1,6,6,8,4,1,5
"psychot",1397,"psychot",1,6,1,8,4,1,5
"psychotherapi",1398,"psychotherapi",1,6,1,8,3,10,5
"pt",1399,"pt",1,6,1,8,3,10,5
"public",1400,"public",1,6,1,8,4,1,5
"publish",1401,"publish",9,2,1,7,1,5,1
"pul",1402,"pul",5,5,1,9,8,10,4
"pulselik",1403,"pulselik",5,5,1,9,8,10,4
"pumic",1404,"pumic",7,3,1,6,7,3,8
"pumicebear",1405,"pumicebear",7,3,1,6,7,3,8
"pumiceenrich",1406,"pumiceenrich",7,3,1,6,7,3,8
"punish",1407,"punish",24,1,1,9,4,1,2
"putat",1408,"putat",14,4,1,5,2,2,2
"pyrit",1409,"pyrit",11,3,1,6,7,3,3
"pyroclast",1410,"pyroclast",6,3,1,6,7,3,3
"q",1411,"q",9,2,1,7,1,5,1
"qualit",1412,"qualit",33,5,1,9,3,7,4
"qualiti",1413,"qualiti",1,6,1,8,4,1,5
"quantifi",1414,"quantifi",16,3,1,6,3,7,3
"quantit",1415,"quantit",12,4,1,5,2,2,9
"quantiti",1416,"quantiti",22,1,1,4,6,7,2
"quartz",1417,"quartz",17,3,1,3,3,11,10
"quartzit",1418,"quartzit",17,3,1,3,3,11,10
"quartzrich",1419,"quartzrich",17,3,1,3,3,11,10
"quasargalaxi",1420,"quasargalaxi",9,2,1,7,1,5,1
"quasilinear",1421,"quasilinear",33,5,1,9,6,7,4
"question",1422,"question",27,1,1,6,3,6,3
"quick",1423,"quick",22,1,1,4,7,7,2
"r",1424,"r",5,5,1,9,4,10,4
"racial",1425,"racial",27,1,1,6,3,6,3
"radial",1426,"radial",18,2,1,1,1,5,1
"radiat",1427,"radiat",10,2,1,1,1,5,1
"radio",1428,"radio",9,2,1,7,1,5,1
"radiosourc",1429,"radiosourc",9,2,1,7,1,5,1
"radius",1430,"radius",18,2,1,9,1,5,1
"raft",1431,"raft",7,3,1,6,7,3,8
"rai",1432,"rai",21,1,1,8,4,1,2
"rang",1433,"rang",4,2,4,9,1,5,1
"rapid",1434,"rapid",16,3,1,8,3,7,3
"rat",1435,"rat",23,4,1,5,2,2,2
"rate",1436,"rate",2,1,1,9,1,9,1
"ratelimit",1437,"ratelimit",29,4,1,5,2,2,2
"rater",1438,"rater",1,6,1,8,4,1,5
"rather",1439,"rather",18,2,1,1,1,5,1
"ratio",1440,"ratio",9,1,1,5,3,5,1
"ration",1441,"ration",32,1,1,5,5,4,2
"reach",1442,"reach",15,2,1,1,3,8,3
"real",1443,"real",3,1,1,9,3,7,3
"realbusinesscycl",1444,"realbusinesscycl",28,1,1,5,3,6,2
"realtim",1445,"realtim",40,4,1,9,2,5,2
"reason",1446,"reason",29,4,1,5,2,2,2
"reassembl",1447,"reassembl",12,4,1,5,2,2,9
"rece",1448,"rece",7,3,1,6,7,3,8
"receiv",1449,"receiv",1,6,1,8,4,1,5
"recent",1450,"recent",4,2,1,8,1,5,1
"recipi",1451,"recipi",1,6,1,8,3,10,5
"reciproc",1452,"reciproc",1,6,1,8,3,10,5
"recogn",1453,"recogn",26,3,1,4,7,7,3
"recognit",1454,"recognit",7,3,1,6,7,3,8
"reconstruct",1455,"reconstruct",36,4,1,5,2,2,2
"record",1456,"record",26,3,1,4,7,7,3
"recov",1457,"recov",11,3,1,6,7,3,3
"recruit",1458,"recruit",38,4,1,5,2,2,2
"recryst",1459,"recryst",17,3,1,3,3,11,10
"recycl",1460,"recycl",12,4,1,5,2,2,9
"red",1461,"red",2,2,1,1,1,9,1
"redden",1462,"redden",2,2,1,1,1,9,1
"redeposit",1463,"redeposit",7,3,1,6,7,3,8
"redistribut",1464,"redistribut",12,1,1,5,2,2,2
"redshift",1465,"redshift",4,2,4,1,1,5,1
"reduc",1466,"reduc",5,1,1,9,4,10,4
"reduct",1467,"reduct",3,3,1,9,3,7,3
"reemerg",1468,"reemerg",12,4,1,5,2,2,9
"reflect",1469,"reflect",16,3,1,6,3,7,3
"reform",1470,"reform",12,4,1,5,2,2,9
"refract",1471,"refract",17,3,1,3,3,11,10
"regard",1472,"regard",1,6,1,8,4,1,5
"regim",1473,"regim",32,1,1,5,5,4,2
"regimen",1474,"regimen",1,6,1,8,4,1,5
"region",1475,"region",10,2,4,9,3,7,3
"regionalsc",1476,"regionalsc",19,3,1,9,8,7,3
"regionspecif",1477,"regionspecif",23,4,1,5,2,2,2
"regress",1478,"regress",1,6,1,8,4,1,5
"regul",1479,"regul",8,4,1,5,2,2,2
"regular",1480,"regular",5,5,1,9,8,10,4
"rehospit",1481,"rehospit",1,6,1,8,4,1,5
"reject",1482,"reject",9,2,1,7,1,5,1
"rejuven",1483,"rejuven",6,3,1,6,5,3,3
"relap",1484,"relap",1,6,1,8,4,1,5
"relat",1485,"relat",2,2,1,9,1,7,3
"relationship",1486,"relationship",1,1,6,8,4,1,5
"relea",1487,"relea",14,4,1,5,2,2,6
"relev",1488,"relev",1,6,1,8,4,1,5
"relief",1489,"relief",3,3,1,9,3,7,3
"remain",1490,"remain",6,3,1,6,5,3,3
"remark",1491,"remark",4,2,1,1,1,5,1
"remnant",1492,"remnant",2,2,1,1,1,9,1
"repair",1493,"repair",14,4,1,5,2,2,6
"repeat",1494,"repeat",14,1,1,8,4,1,2
"replic",1495,"replic",1,6,1,8,4,1,5
"report",1496,"report",23,2,1,8,2,2,2
"repr",1497,"repr",7,1,1,5,7,3,3
"repress",1498,"repress",8,4,1,5,2,2,2
"repressor",1499,"repressor",14,4,1,5,2,2,6
"reproduc",1500,"reproduc",2,2,1,1,1,9,1
"requir",1501,"requir",1,2,1,9,3,10,3
"research",1502,"research",1,6,1,8,4,1,5
"reserv",1503,"reserv",5,5,2,9,6,10,4
"resid",1504,"resid",1,6,1,8,4,1,5
"residenti",1505,"residenti",1,6,1,8,4,1,5
"resolut",1506,"resolut",9,2,1,1,1,5,1
"resolv",1507,"resolv",10,2,1,1,1,5,1
"respect",1508,"respect",18,2,1,1,1,5,1
"respon",1509,"respon",1,3,2,9,3,10,2
"respond",1510,"respond",6,1,1,5,5,3,3
"rest",1511,"rest",1,6,1,8,4,1,5
"result",1512,"result",1,1,2,9,4,7,3
"resurg",1513,"resurg",1,6,1,8,4,1,5
"retreat",1514,"retreat",26,3,1,4,7,7,3
"return",1515,"return",28,1,1,5,3,6,2
"reveal",1516,"reveal",11,3,1,9,3,3,3
"rever",1517,"rever",6,3,1,6,5,3,3
"review",1518,"review",1,6,1,8,4,1,5
"rheolog",1519,"rheolog",3,3,2,9,3,7,3
"rhyolith",1520,"rhyolith",13,3,1,6,7,4,3
"rich",1521,"rich",2,2,1,1,1,9,1
"ridg",1522,"ridg",20,3,1,6,7,4,3
"riemann",1523,"riemann",5,5,1,9,8,10,4
"right",1524,"right",5,5,1,9,6,10,4
"rigid",1525,"rigid",15,4,1,2,2,8,3
"rigidbodi",1526,"rigidbodi",25,2,1,1,1,5,1
"rigidwag",1527,"rigidwag",21,1,1,5,2,4,7
"rigor",1528,"rigor",1,6,3,8,4,1,5
"ring",1529,"ring",31,2,1,4,1,5,1
"rise",1530,"rise",16,1,1,9,3,7,2
"riskfr",1531,"riskfr",28,1,1,5,3,6,2
"rival",1532,"rival",24,1,1,9,4,1,2
"rivalri",1533,"rivalri",27,1,1,6,3,6,3
"rms",1534,"rms",9,2,1,7,1,5,1
"rn",1535,"rn",5,5,1,9,6,10,4
"rna",1536,"rna",29,4,1,5,2,2,2
"rnas",1537,"rnas",14,4,1,5,2,2,6
"rock",1538,"rock",3,3,2,9,3,7,3
"rodent",1539,"rodent",23,4,1,5,2,2,2
"role",1540,"role",1,4,1,8,4,8,3
"ros",1541,"ros",14,4,1,5,2,2,6
"rotat",1542,"rotat",25,2,1,1,1,5,1
"rough",1543,"rough",6,3,1,6,5,3,3
"rule",1544,"rule",12,4,1,5,2,2,2
"russia",1545,"russia",17,3,1,3,3,11,10
"s",1546,"s",8,1,4,1,1,2,2
"safeguard",1547,"safeguard",1,6,1,8,4,1,5
"salient",1548,"salient",1,6,1,8,4,1,5
"salpet",1549,"salpet",2,2,1,1,1,9,1
"salton",1550,"salton",19,3,1,9,8,7,3
"sampl",1551,"sampl",4,1,4,8,1,5,1
"san",1552,"san",19,3,1,9,8,7,3
"satisfact",1553,"satisfact",1,6,1,8,4,1,5
"satisfi",1554,"satisfi",5,5,1,9,8,10,4
"sc",1555,"sc",18,2,1,1,1,5,1
"scalar",1556,"scalar",5,5,1,9,8,10,4
"scale",1557,"scale",13,2,1,8,3,4,3
"scatter",1558,"scatter",9,2,1,7,1,5,1
"scenario",1559,"scenario",34,2,1,1,1,5,1
"schauder",1560,"schauder",33,5,1,9,3,7,4
"scheme",1561,"scheme",22,1,1,4,6,7,2
"schizophren",1562,"schizophren",1,6,1,8,4,1,5
"schizophrenia",1563,"schizophrenia",1,6,6,8,4,1,5
"schrode",1564,"schrode",5,5,1,9,6,10,4
"scienc",1565,"scienc",5,5,1,9,8,10,4
"scientif",1566,"scientif",1,6,1,8,4,1,5
"score",1567,"score",1,6,1,8,4,1,5
"sea",1568,"sea",11,3,1,6,7,3,3
"seafloor",1569,"seafloor",11,3,1,6,7,3,3
"search",1570,"search",25,2,1,1,1,5,1
"season",1571,"season",13,3,1,6,7,4,3
"second",1572,"second",24,1,1,9,4,1,2
"secondari",1573,"secondari",4,2,1,8,1,5,1
"secondord",1574,"secondord",37,5,1,9,1,10,4
"section",1575,"section",17,3,1,9,3,11,3
"sector",1576,"sector",28,1,1,5,3,6,2
"sediment",1577,"sediment",6,3,1,6,7,3,3
"sedimentari",1578,"sedimentari",16,3,1,6,3,7,3
"sedimentyield",1579,"sedimentyield",6,3,1,6,5,3,3
"seem",1580,"seem",34,2,1,7,1,5,1
"segment",1581,"segment",14,4,1,5,2,2,2
"segreg",1582,"segreg",2,2,1,1,1,9,1
"seismic",1583,"seismic",19,3,1,9,8,7,3
"select",1584,"select",4,1,1,1,1,5,1
"self",1585,"self",1,6,1,8,4,1,5
"selfadjoint",1586,"selfadjoint",41,5,1,9,6,7,4
"selfesteem",1587,"selfesteem",1,6,1,8,4,1,5
"sell",1588,"sell",24,1,1,9,4,1,2
"semilmear",1589,"semilmear",5,5,1,9,8,10,4
"sensit",1590,"sensit",14,1,1,5,3,2,2
"sensor",1591,"sensor",15,4,1,2,2,8,3
"separ",1592,"separ",12,1,1,9,2,2,2
"sequenc",1593,"sequenc",2,2,1,1,1,9,1
"seri",1594,"seri",11,3,1,6,7,3,3
"serv",1595,"serv",29,4,1,5,2,2,2
"servic",1596,"servic",24,1,1,9,4,1,2
"set",1597,"set",1,1,1,9,4,1,3
"settl",1598,"settl",7,3,1,6,7,3,8
"sever",1599,"sever",6,3,1,8,4,1,3
"shallow",1600,"shallow",2,2,1,1,1,9,3
"shallowwat",1601,"shallowwat",7,3,1,6,7,3,3
"shape",1602,"shape",7,3,1,6,7,3,8
"shard",1603,"shard",13,3,1,6,7,4,3
"share",1604,"share",9,2,1,7,1,5,1
"sharp",1605,"sharp",28,1,1,5,3,6,2
"sharpl",1606,"sharpl",4,2,1,1,1,5,1
"sharpli",1607,"sharpli",35,1,1,6,4,7,3
"sheet",1608,"sheet",5,5,1,9,8,10,4
"shift",1609,"shift",15,2,1,2,3,8,3
"shock",1610,"shock",17,1,1,5,3,11,2
"short",1611,"short",16,3,1,9,3,10,4
"shortterm",1612,"shortterm",1,6,1,8,4,1,5
"shoulder",1613,"shoulder",1,6,1,8,4,1,5
"show",1614,"show",2,1,4,9,1,9,3
"shown",1615,"shown",12,4,1,5,2,2,2
"side",1616,"side",10,2,1,1,1,5,1
"sierra",1617,"sierra",19,3,1,9,8,7,3
"sigma",1618,"sigma",5,5,1,9,8,10,4
"sigmaq",1619,"sigmaq",9,2,1,7,1,5,1
"signal",1620,"signal",8,1,1,1,3,2,2
"signchang",1621,"signchang",33,5,1,9,3,7,4
"signif",1622,"signif",3,1,3,9,4,3,3
"silenc",1623,"silenc",14,4,1,5,2,2,6
"similar",1624,"similar",2,2,4,1,1,9,1
"simpl",1625,"simpl",22,1,1,4,6,7,2
"sinc",1626,"sinc",23,1,1,5,2,2,2
"singl",1627,"singl",29,2,1,1,1,2,3
"singular",1628,"singular",5,5,2,9,6,10,4
"site",1629,"site",11,3,1,5,2,3,3
"situat",1630,"situat",1,6,1,8,4,1,5
"size",1631,"size",1,2,3,8,4,5,1
"skill",1632,"skill",1,6,1,8,3,10,5
"skillbia",1633,"skillbia",30,1,1,5,2,1,2
"sky",1634,"sky",9,2,1,1,1,5,1
"slip",1635,"slip",19,3,4,9,8,7,3
"slope",1636,"slope",26,3,1,4,7,7,3
"slow",1637,"slow",26,3,1,4,7,7,3
"slowli",1638,"slowli",5,5,1,9,8,10,4
"small",1639,"small",2,2,1,1,1,9,2
"smaller",1640,"smaller",18,2,1,9,1,5,1
"smooth",1641,"smooth",5,2,1,9,1,10,4
"snapshot",1642,"snapshot",1,6,1,8,4,1,5
"sne",1643,"sne",2,2,1,1,1,9,1
"snp",1644,"snp",29,4,1,5,2,2,2
"social",1645,"social",1,6,3,8,4,1,5
"societi",1646,"societi",10,2,1,1,1,5,1
"sociosexu",1647,"sociosexu",1,6,1,8,4,1,5
"sodium",1648,"sodium",18,2,1,1,1,5,1
"solar",1649,"solar",39,2,1,1,1,9,1
"sole",1650,"sole",6,3,1,6,5,3,3
"solulion",1651,"solulion",33,5,1,9,3,7,4
"solut",1652,"solut",5,3,2,9,8,10,4
"solv",1653,"solv",15,4,1,2,2,8,3
"solvabl",1654,"solvabl",5,5,1,9,6,10,4
"sort",1655,"sort",1,6,1,8,4,1,5
"sos",1656,"sos",18,2,1,1,1,5,1
"sourc",1657,"sourc",2,2,1,1,1,9,3
"south",1658,"south",21,1,1,5,7,4,2
"southeast",1659,"southeast",13,3,1,6,7,4,3
"southern",1660,"southern",13,2,4,9,1,4,3
"southnorth",1661,"southnorth",21,1,1,5,2,4,7
"southwestern",1662,"southwestern",19,3,1,9,8,7,3
"sp",1663,"sp",29,4,1,5,2,2,2
"space",1664,"space",5,5,1,9,6,10,4
"spatial",1665,"spatial",5,4,1,9,6,10,4
"speci",1666,"speci",5,5,2,9,5,10,4
"special",1667,"special",5,5,1,9,5,10,4
"specif",1668,"specif",1,2,1,8,4,5,3
"specmap",1669,"specmap",13,3,1,6,7,4,3
"spectra",1670,"spectra",4,2,4,1,1,5,1
"spectral",1671,"spectral",4,2,1,1,1,5,1
"spectrograph",1672,"spectrograph",4,2,1,1,1,5,1
"spectroscop",1673,"spectroscop",31,2,1,4,1,5,1
"spectrum",1674,"spectrum",1,6,1,8,4,1,5
"specul",1675,"specul",31,2,1,4,1,5,1
"sphalerit",1676,"sphalerit",11,3,1,6,7,3,3
"sphere",1677,"sphere",5,5,1,9,6,10,4
"spheroid",1678,"spheroid",31,2,1,4,1,5,1
"spiral",1679,"spiral",4,2,4,1,1,5,1
"sporad",1680,"sporad",29,4,1,5,2,2,2
"sport",1681,"sport",27,1,1,6,3,6,3
"spread",1682,"spread",35,1,1,6,4,7,3
"st",1683,"st",6,3,1,6,5,3,3
"stabil",1684,"stabil",15,4,1,9,3,10,3
"stakehold",1685,"stakehold",1,6,1,8,4,1,5
"stand",1686,"stand",5,5,1,9,6,10,4
"standard",1687,"standard",28,1,1,5,3,6,3
"standingwav",1688,"standingwav",5,5,1,9,6,10,4
"star",1689,"star",2,2,5,1,1,9,1
"starburst",1690,"starburst",9,2,1,7,1,5,1
"starform",1691,"starform",4,2,1,1,1,5,1
"start",1692,"start",1,1,1,8,4,1,5
"state",1693,"state",1,1,1,9,3,10,5
"stationari",1694,"stationari",22,1,1,4,6,7,2
"statist",1695,"statist",2,2,1,1,1,9,1
"steadi",1696,"steadi",26,3,1,4,7,7,3
"steadili",1697,"steadili",26,3,1,4,7,7,3
"steadyst",1698,"steadyst",5,5,2,9,5,10,4
"stellar",1699,"stellar",18,2,1,1,1,5,1
"stemcel",1700,"stemcel",23,4,1,5,2,2,2
"still",1701,"still",5,2,1,9,3,10,1
"stop",1702,"stop",12,4,1,5,2,2,9
"strait",1703,"strait",7,3,1,6,7,3,8
"strand",1704,"strand",7,3,1,6,7,3,8
"strateg",1705,"strateg",30,1,1,5,2,1,2
"strategi",1706,"strategi",1,6,1,8,3,10,5
"stratigraph",1707,"stratigraph",17,3,1,4,3,11,3
"stream",1708,"stream",34,2,1,7,1,5,1
"streamflow",1709,"streamflow",6,3,1,6,5,3,3
"strength",1710,"strength",3,3,1,9,3,7,3
"stress",1711,"stress",3,3,2,9,3,7,2
"strong",1712,"strong",3,1,1,9,3,3,3
"stronger",1713,"stronger",9,2,1,7,1,5,1
"strongest",1714,"strongest",9,2,1,7,1,5,1
"structur",1715,"structur",5,1,1,9,2,2,3
"studi",1716,"studi",1,1,3,9,4,1,3
"sturmliouvil",1717,"sturmliouvil",41,5,1,9,6,7,4
"subaeri",1718,"subaeri",20,3,1,6,7,4,3
"subaqu",1719,"subaqu",26,3,1,4,7,7,3
"subductionrel",1720,"subductionrel",11,3,1,6,7,3,3
"subgroup",1721,"subgroup",1,6,1,8,4,10,5
"subject",1722,"subject",1,6,6,8,4,1,5
"submarin",1723,"submarin",20,3,1,6,7,4,3
"submerg",1724,"submerg",11,3,1,6,7,3,3
"subsampl",1725,"subsampl",18,2,1,1,1,5,1
"subscript",1726,"subscript",24,1,1,9,4,1,2
"subsequ",1727,"subsequ",2,2,1,1,1,9,1
"subsid",1728,"subsid",16,3,1,6,3,7,3
"substanti",1729,"substanti",16,1,1,8,3,7,3
"substrat",1730,"substrat",14,4,1,5,2,2,2
"subsurfac",1731,"subsurfac",3,3,1,9,3,7,3
"subtract",1732,"subtract",2,2,1,1,1,9,1
"subunit",1733,"subunit",15,4,1,5,2,8,3
"success",1734,"success",16,3,1,8,3,7,3
"sudden",1735,"sudden",22,1,1,4,6,7,2
"suffici",1736,"suffici",20,1,1,9,7,4,3
"suggest",1737,"suggest",1,1,2,8,3,7,3
"sulfat",1738,"sulfat",11,3,1,6,7,3,3
"sulfid",1739,"sulfid",11,3,1,6,7,3,3
"sumatra",1740,"sumatra",13,3,1,6,7,4,3
"summari",1741,"summari",1,6,1,8,4,1,5
"summer",1742,"summer",13,3,1,6,7,4,3
"sunda",1743,"sunda",7,3,1,6,7,3,8
"superclust",1744,"superclust",31,2,1,4,1,5,1
"supercrit",1745,"supercrit",5,5,1,9,6,10,4
"superior",1746,"superior",1,6,1,8,4,10,5
"supplement",1747,"supplement",1,6,1,8,3,10,5
"suppli",1748,"suppli",13,3,1,6,7,4,3
"support",1749,"support",1,1,1,8,3,10,3
"suppressor",1750,"suppressor",8,4,1,5,2,2,2
"supremum",1751,"supremum",33,5,1,9,3,7,4
"surfac",1752,"surfac",7,2,1,9,3,3,3
"surpri",1753,"surpri",4,2,1,1,1,5,1
"survey",1754,"survey",2,2,1,1,1,9,1
"surviv",1755,"surviv",8,1,1,5,2,2,2
"suscept",1756,"suscept",29,4,1,5,2,2,2
"suspendedsedi",1757,"suspendedsedi",6,3,1,6,5,3,3
"sv",1758,"sv",23,4,1,5,2,2,2
"sw",1759,"sw",4,2,1,1,1,5,1
"swisnflik",1760,"swisnflik",38,4,1,5,2,2,2
"switch",1761,"switch",15,1,1,5,2,8,3
"symmetr",1762,"symmetr",41,5,1,9,6,7,4
"symptom",1763,"symptom",1,6,3,8,4,1,5
"synap",1764,"synap",36,4,1,5,2,2,2
"system",1765,"system",5,1,2,9,4,2,3
"systemat",1766,"systemat",10,2,1,1,1,10,1
"t",1767,"t",23,4,1,9,2,2,2
"tail",1768,"tail",25,2,1,1,1,5,1
"take",1769,"take",11,2,1,8,4,3,3
"taken",1770,"taken",4,2,1,1,1,5,1
"target",1771,"target",1,4,3,8,4,1,3
"team",1772,"team",27,1,1,8,4,6,3
"technic",1773,"technic",30,1,1,5,2,1,2
"techniqu",1774,"techniqu",2,2,1,1,1,9,1
"technolog",1775,"technolog",28,1,1,5,3,6,2
"tecton",1776,"tecton",11,3,1,6,7,3,3
"telescop",1777,"telescop",4,2,1,1,1,5,1
"televi",1778,"televi",24,1,1,9,4,1,2
"temperatur",1779,"temperatur",17,3,1,5,3,11,3
"temperaturesensit",1780,"temperaturesensit",23,4,1,5,2,2,2
"templat",1781,"templat",38,4,1,5,2,2,2
"tempor",1782,"tempor",3,3,1,9,3,7,3
"tenascin",1783,"tenascin",14,4,1,5,2,2,2
"tend",1784,"tend",18,1,1,9,1,5,1
"tendenc",1785,"tendenc",9,2,1,1,1,5,1
"term",1786,"term",3,3,2,9,3,7,5
"termin",1787,"termin",2,2,1,1,1,9,1
"tertiari",1788,"tertiari",16,3,1,6,3,7,3
"test",1789,"test",10,2,1,8,4,2,3
"theorem",1790,"theorem",30,1,1,9,6,1,2
"theori",1791,"theori",5,5,1,9,5,10,4
"therapi",1792,"therapi",1,6,3,8,3,10,5
"therefor",1793,"therefor",2,2,1,1,1,9,1
"thermal",1794,"thermal",3,3,1,9,3,7,3
"thick",1795,"thick",3,3,2,9,3,7,3
"thirtyfour",1796,"thirtyfour",1,6,1,8,4,1,5
"thirtysix",1797,"thirtysix",1,6,1,8,4,1,5
"thorough",1798,"thorough",1,6,1,8,4,1,5
"though",1799,"though",1,6,1,8,4,10,5
"thought",1800,"thought",20,3,1,8,7,4,3
"three",1801,"three",3,2,2,9,3,7,3
"tidal",1802,"tidal",25,2,1,1,1,5,1
"tie",1803,"tie",1,6,1,8,4,1,5
"tight",1804,"tight",2,2,1,9,1,9,1
"time",1805,"time",1,3,1,9,4,3,3
"timeseri",1806,"timeseri",35,1,1,6,4,7,3
"tissu",1807,"tissu",23,4,1,5,2,2,2
"tl",1808,"tl",41,5,1,9,6,7,4
"toba",1809,"toba",13,3,1,6,7,4,3
"togeth",1810,"togeth",5,5,1,9,5,10,4
"took",1811,"took",16,3,1,6,3,7,3
"topographi",1812,"topographi",3,3,1,9,3,7,3
"total",1813,"total",25,2,1,1,1,5,1
"trade",1814,"trade",21,1,1,5,2,4,7
"tradit",1815,"tradit",1,6,1,8,3,10,5
"train",1816,"train",5,5,1,9,8,10,4
"transcript",1817,"transcript",14,4,1,5,2,2,2
"transduct",1818,"transduct",36,4,1,5,2,2,2
"transfer",1819,"transfer",22,1,1,8,4,7,2
"transform",1820,"transform",8,4,1,5,2,2,2
"transgen",1821,"transgen",14,4,1,5,2,2,6
"transit",1822,"transit",32,1,1,5,5,4,2
"transmembran",1823,"transmembran",14,4,1,5,2,2,2
"transport",1824,"transport",5,3,1,9,8,10,4
"transver",1825,"transver",19,3,4,9,8,7,3
"trap",1826,"trap",12,4,1,5,2,2,9
"treasuri",1827,"treasuri",35,1,1,6,4,7,3
"treat",1828,"treat",27,1,1,9,4,1,3
"treatment",1829,"treatment",1,6,3,8,4,10,5
"trend",1830,"trend",6,3,1,6,5,3,3
"tri",1831,"tri",18,2,1,1,1,5,1
"trial",1832,"trial",1,6,3,8,4,1,5
"trigger",1833,"trigger",15,4,1,5,2,8,2
"trough",1834,"trough",19,3,1,9,8,7,3
"trump",1835,"trump",27,1,1,6,3,6,3
"tsa",1836,"tsa",23,4,1,5,2,2,2
"tsunami",1837,"tsunami",7,3,1,6,7,3,8
"tubulin",1838,"tubulin",15,4,1,2,2,8,3
"tullyfish",1839,"tullyfish",10,2,1,1,1,10,1
"tumbl",1840,"tumbl",36,4,1,5,2,2,2
"tumor",1841,"tumor",8,4,1,5,2,2,2
"tumorigen",1842,"tumorigen",8,4,1,5,2,2,2
"tumorpromot",1843,"tumorpromot",8,4,1,5,2,2,2
"tumorsuppress",1844,"tumorsuppress",8,4,1,5,2,2,2
"turn",1845,"turn",38,4,1,5,2,2,2
"turnoff",1846,"turnoff",2,2,5,1,1,9,1
"two",1847,"two",1,1,4,9,3,10,3
"twodecad",1848,"twodecad",6,3,1,6,5,3,3
"twodimens",1849,"twodimens",26,3,1,9,7,7,3
"twosector",1850,"twosector",28,1,1,5,3,6,2
"type",1851,"type",2,1,2,9,1,9,3
"typic",1852,"typic",6,1,1,6,7,3,3
"tyrosin",1853,"tyrosin",14,4,1,5,2,2,2
"tyrrhenian",1854,"tyrrhenian",11,3,1,6,7,3,3
"u",1855,"u",5,5,1,9,6,10,4
"uapproxepsilon",1856,"uapproxepsilon",5,5,1,9,8,10,4
"uexactepsilon",1857,"uexactepsilon",5,5,1,9,8,10,4
"ugc",1858,"ugc",9,2,1,7,1,5,1
"ultim",1859,"ultim",1,2,1,1,1,1,3
"ultraviolet",1860,"ultraviolet",10,2,1,1,1,5,1
"unavail",1861,"unavail",27,1,1,6,3,6,3
"uncertainti",1862,"uncertainti",2,2,1,1,1,9,1
"unconform",1863,"unconform",16,3,1,6,3,7,3
"underden",1864,"underden",31,2,1,4,1,5,1
"undergo",1865,"undergo",20,3,1,6,7,7,3
"understand",1866,"understand",2,2,1,1,1,9,1
"undertaken",1867,"undertaken",1,6,1,8,4,1,5
"undetect",1868,"undetect",10,2,1,1,1,5,1
"undoubt",1869,"undoubt",1,6,1,8,4,1,5
"unemploy",1870,"unemploy",21,1,1,5,2,4,7
"unexplain",1871,"unexplain",10,2,1,1,1,5,1
"unfavor",1872,"unfavor",1,6,1,8,4,1,5
"unintegr",1873,"unintegr",24,1,1,9,4,1,2
"uniqu",1874,"uniqu",3,3,2,9,3,7,3
"unit",1875,"unit",7,3,3,8,4,3,3
"unlik",1876,"unlik",15,4,1,2,2,8,3
"unmet",1877,"unmet",1,6,1,8,4,1,5
"unmethyl",1878,"unmethyl",14,4,1,5,2,2,6
"unobserv",1879,"unobserv",30,1,1,5,2,1,2
"unravel",1880,"unravel",22,1,1,4,6,7,2
"unskil",1881,"unskil",21,1,1,5,2,4,7
"untransform",1882,"untransform",8,4,1,5,2,2,2
"untreat",1883,"untreat",1,6,1,8,4,1,5
"unusu",1884,"unusu",7,2,4,6,3,3,3
"uplift",1885,"uplift",16,3,1,6,3,7,3
"upper",1886,"upper",3,3,1,9,3,7,3
"upstream",1887,"upstream",24,1,1,9,4,1,2
"uptak",1888,"uptak",40,4,1,9,2,5,2
"upward",1889,"upward",20,3,1,6,7,4,3
"usa",1890,"usa",5,5,1,9,8,10,4
"use",1891,"use",2,2,3,9,1,5,1
"ut",1892,"ut",5,5,1,9,8,10,4
"util",1893,"util",3,1,1,9,3,7,3
"ux",1894,"ux",5,5,1,9,6,10,4
"v",1895,"v",2,2,1,9,1,9,1
"valid",1896,"valid",1,6,1,8,3,10,5
"valley",1897,"valley",6,3,1,6,3,3,3
"valu",1898,"valu",3,3,2,9,3,3,3
"vanish",1899,"vanish",37,5,1,9,1,10,4
"vari",1900,"vari",7,3,1,9,8,3,3
"variabl",1901,"variabl",34,2,1,7,1,5,1
"variant",1902,"variant",29,4,1,5,2,2,2
"variat",1903,"variat",3,3,1,9,3,7,3
"varieti",1904,"varieti",5,5,1,9,8,10,4
"various",1905,"various",8,3,1,9,4,2,2
"veloc",1906,"veloc",18,2,4,1,1,5,1
"vent",1907,"vent",11,3,1,6,7,3,3
"veri",1908,"veri",2,2,4,1,1,5,1
"vertic",1909,"vertic",24,1,2,9,6,8,4
"vesicl",1910,"vesicl",12,3,1,5,7,2,2
"vesiclerich",1911,"vesiclerich",20,3,1,6,7,4,3
"vesicul",1912,"vesicul",20,3,1,6,7,4,3
"vesicular",1913,"vesicular",20,3,1,6,7,4,3
"vfd",1914,"vfd",20,3,1,6,7,4,3
"virgo",1915,"virgo",10,2,1,1,1,10,1
"virtu",1916,"virtu",1,6,1,8,4,1,5
"visco",1917,"visco",37,5,1,9,1,10,4
"visibl",1918,"visibl",17,3,1,3,3,11,10
"vision",1919,"vision",1,6,1,8,4,1,5
"vitro",1920,"vitro",38,4,1,5,2,2,2
"vivo",1921,"vivo",12,4,1,5,2,2,9
"vla",1922,"vla",9,2,1,7,1,5,1
"void",1923,"void",31,2,1,4,1,5,1
"volcan",1924,"volcan",6,3,1,6,7,3,3
"volcaniclast",1925,"volcaniclast",20,3,1,6,7,4,3
"volcano",1926,"volcano",7,3,1,6,7,3,8
"volcanogen",1927,"volcanogen",7,3,1,6,7,3,8
"volum",1928,"volum",13,3,1,6,7,4,3
"volunt",1929,"volunt",1,6,1,8,4,1,5
"vote",1930,"vote",30,1,1,5,2,1,2
"voter",1931,"voter",30,1,1,5,2,1,2
"vs",1932,"vs",18,2,1,1,1,5,1
"vulner",1933,"vulner",1,6,1,8,3,10,5
"vx",1934,"vx",5,5,1,9,6,10,4
"vxu",1935,"vxu",5,5,1,9,6,10,4
"wage",1936,"wage",21,1,1,5,2,4,7
"walrasian",1937,"walrasian",32,1,1,5,5,4,2
"water",1938,"water",6,3,1,6,7,3,3
"watersh",1939,"watersh",6,3,1,6,5,3,3
"watt",1940,"watt",4,2,1,1,1,5,1
"wave",1941,"wave",5,5,1,9,6,10,4
"wavefront",1942,"wavefront",5,5,1,9,8,10,4
"wavelength",1943,"wavelength",5,5,1,9,8,10,4
"way",1944,"way",31,2,1,4,1,5,1
"wayn",1945,"wayn",1,6,1,8,4,1,5
"weak",1946,"weak",4,2,2,9,1,5,3
"weaken",1947,"weaken",3,1,1,9,3,7,3
"welfar",1948,"welfar",1,1,1,9,4,1,5
"well",1949,"well",2,1,1,1,1,9,1
"wellb",1950,"wellb",1,6,1,8,4,10,5
"welldefin",1951,"welldefin",2,2,1,1,1,9,1
"wellpopul",1952,"wellpopul",2,2,1,1,1,9,1
"wellpreserv",1953,"wellpreserv",17,3,1,3,3,11,10
"west",1954,"west",16,3,1,6,3,7,3
"western",1955,"western",13,2,1,9,7,4,3
"wherea",1956,"wherea",3,3,1,9,3,7,3
"wherebi",1957,"wherebi",26,3,1,5,2,7,3
"whether",1958,"whether",10,2,1,8,3,5,3
"white",1959,"white",2,2,5,1,1,9,3
"wholli",1960,"wholli",21,1,1,5,2,4,7
"whose",1961,"whose",14,4,1,5,2,2,2
"widefield",1962,"widefield",25,2,1,1,1,5,1
"widen",1963,"widen",1,6,1,8,4,1,5
"widespread",1964,"widespread",7,3,1,6,7,3,8
"width",1965,"width",18,2,1,1,1,5,1
"win",1966,"win",27,1,1,6,3,6,3
"wind",1967,"wind",13,2,1,7,3,4,3
"windbear",1968,"windbear",34,2,1,7,1,5,1
"winner",1969,"winner",27,1,1,6,3,6,3
"wisconsin",1970,"wisconsin",1,6,1,8,4,1,5
"withdraw",1971,"withdraw",32,1,1,5,5,4,2
"wlm",1972,"wlm",25,2,1,1,1,5,1
"wlms",1973,"wlms",25,2,1,1,1,5,1
"wnaixwmgi",1974,"wnaixwmgi",18,2,1,1,1,5,1
"wolfrayet",1975,"wolfrayet",34,2,1,7,1,5,1
"work",1976,"work",1,5,1,9,4,1,5
"world",1977,"world",21,1,1,5,2,4,7
"wp",1978,"wp",33,5,1,9,3,7,4
"wr",1979,"wr",34,2,1,7,1,5,1
"x",1980,"x",5,2,4,9,1,10,4
"xray",1981,"xray",4,2,1,1,1,5,1
"y",1982,"y",5,5,1,9,8,10,4
"year",1983,"year",6,3,1,8,4,1,3
"yeast",1984,"yeast",40,4,1,9,2,5,2
"yet",1985,"yet",11,3,1,6,7,3,3
"yield",1986,"yield",6,3,1,6,5,3,3
"young",1987,"young",1,6,1,8,4,1,5
"youngest",1988,"youngest",13,3,1,6,7,4,3
"youngintermediateag",1989,"youngintermediateag",2,2,1,1,1,9,1
"yr",1990,"yr",6,3,1,6,5,3,3
"z",1991,"z",4,2,1,1,1,5,1
"zdna",1992,"zdna",38,4,1,5,2,2,2
"zdnaform",1993,"zdnaform",38,4,1,5,2,2,2
"zinc",1994,"zinc",11,3,1,6,7,3,3
"zone",1995,"zone",13,3,1,6,7,4,3
